productId;initiationType;instructionIdentification;endtoendIdentification;creationDatetime;status;authorizationCode;validationPayeer;geolocalization;channel;mandateId;cicle;amount;currency;chargesAmount;gmftaxIndicator;identificationType;identificationNumber;merchantCustomerName;merchantCustomerCategoryCode;serviceCode;reference2;reference3;unstructured;reference1;method;financial_institution;account;accountType;financialInstitution;account;accountType;identificationType;identificationNumber;name;ciiu;serviceCode;instructionIdentification;userType;identificationType;identificationNumber;name;phoneNumber;email;address;userType;identificationType;identificationNumber;name;phoneNumber;email;comentario
;"""PR""";"""{{cus}}""";"""E2E1234567890""";"""{{currentDate}}""";"""PENDING""";"""ENTITY_NOT_EXISTS""";"""Y""";"""41.40338, 2.17403""";"""ONLINE""";"""MANDATE123""";"""DAILY""";100.00;"""USD""";5.00;"""N""";"""CC""";"""1234567890""";"""John Doe""";"""B2C""";"""SV123""";"""REF2-123""";"""REF3-123""";"""UNSTR123""";"""REF1-123""";"""METHOD123""";"""Banco A""";"""123456789""";"""CHECKING""";"""Banco B""";"""987654321""";"""SAVINGS""";"""CC""";"""1122334455""";"""Jane Smith""";"""CI123""";"""SV456""";"""INST12345""";"""PN""";"""CC""";"""5566778899""";"""Doe Corp""";"""555-1234""";"""doe@corp.com""";"""123 Main St""";"""PJ""";"""CE""";"""9988776655""";"""Third Party Ltd""";"""555-5678""";"""third@party.com""";productId - Enviar campo vacio
null;"""PR""";"""{{cus}}""";"""E2E1234567890""";"""{{currentDate}}""";"""PENDING""";"""ENTITY_NOT_EXISTS""";"""Y""";"""41.40338, 2.17403""";"""ONLINE""";"""MANDATE123""";"""DAILY""";100.00;"""USD""";5.00;"""N""";"""CC""";"""1234567890""";"""John Doe""";"""B2C""";"""SV123""";"""REF2-123""";"""REF3-123""";"""UNSTR123""";"""REF1-123""";"""METHOD123""";"""Banco A""";"""123456789""";"""CHECKING""";"""Banco B""";"""987654321""";"""SAVINGS""";"""CC""";"""1122334455""";"""Jane Smith""";"""CI123""";"""SV456""";"""INST12345""";"""PN""";"""CC""";"""5566778899""";"""Doe Corp""";"""555-1234""";"""doe@corp.com""";"""123 Main St""";"""PJ""";"""CE""";"""9988776655""";"""Third Party Ltd""";"""555-5678""";"""third@party.com""";productId - Enviar campo nulo
{{id}};"""""";"""{{cus}}""";"""E2E1234567890""";"""{{currentDate}}""";"""PENDING""";"""ENTITY_NOT_EXISTS""";"""Y""";"""41.40338, 2.17403""";"""ONLINE""";"""MANDATE123""";"""DAILY""";100.00;"""USD""";5.00;"""N""";"""CC""";"""1234567890""";"""John Doe""";"""B2C""";"""SV123""";"""REF2-123""";"""REF3-123""";"""UNSTR123""";"""REF1-123""";"""METHOD123""";"""Banco A""";"""123456789""";"""CHECKING""";"""Banco B""";"""987654321""";"""SAVINGS""";"""CC""";"""1122334455""";"""Jane Smith""";"""CI123""";"""SV456""";"""INST12345""";"""PN""";"""CC""";"""5566778899""";"""Doe Corp""";"""555-1234""";"""doe@corp.com""";"""123 Main St""";"""PJ""";"""CE""";"""9988776655""";"""Third Party Ltd""";"""555-5678""";"""third@party.com""";initiationType - Enviar campo vacio
{{id}};null;"""{{cus}}""";"""E2E1234567890""";"""{{currentDate}}""";"""PENDING""";"""ENTITY_NOT_EXISTS""";"""Y""";"""41.40338, 2.17403""";"""ONLINE""";"""MANDATE123""";"""DAILY""";100.00;"""USD""";5.00;"""N""";"""CC""";"""1234567890""";"""John Doe""";"""B2C""";"""SV123""";"""REF2-123""";"""REF3-123""";"""UNSTR123""";"""REF1-123""";"""METHOD123""";"""Banco A""";"""123456789""";"""CHECKING""";"""Banco B""";"""987654321""";"""SAVINGS""";"""CC""";"""1122334455""";"""Jane Smith""";"""CI123""";"""SV456""";"""INST12345""";"""PN""";"""CC""";"""5566778899""";"""Doe Corp""";"""555-1234""";"""doe@corp.com""";"""123 Main St""";"""PJ""";"""CE""";"""9988776655""";"""Third Party Ltd""";"""555-5678""";"""third@party.com""";initiationType - Enviar campo nulo
{{id}};"""PR""";"""""";"""E2E1234567890""";"""{{currentDate}}""";"""PENDING""";"""ENTITY_NOT_EXISTS""";"""Y""";"""41.40338, 2.17403""";"""ONLINE""";"""MANDATE123""";"""DAILY""";100.00;"""USD""";5.00;"""N""";"""CC""";"""1234567890""";"""John Doe""";"""B2C""";"""SV123""";"""REF2-123""";"""REF3-123""";"""UNSTR123""";"""REF1-123""";"""METHOD123""";"""Banco A""";"""123456789""";"""CHECKING""";"""Banco B""";"""987654321""";"""SAVINGS""";"""CC""";"""1122334455""";"""Jane Smith""";"""CI123""";"""SV456""";"""INST12345""";"""PN""";"""CC""";"""5566778899""";"""Doe Corp""";"""555-1234""";"""doe@corp.com""";"""123 Main St""";"""PJ""";"""CE""";"""9988776655""";"""Third Party Ltd""";"""555-5678""";"""third@party.com""";instructionIdentification - Enviar campo vacio
{{id}};"""PR""";null;"""E2E1234567890""";"""{{currentDate}}""";"""PENDING""";"""ENTITY_NOT_EXISTS""";"""Y""";"""41.40338, 2.17403""";"""ONLINE""";"""MANDATE123""";"""DAILY""";100.00;"""USD""";5.00;"""N""";"""CC""";"""1234567890""";"""John Doe""";"""B2C""";"""SV123""";"""REF2-123""";"""REF3-123""";"""UNSTR123""";"""REF1-123""";"""METHOD123""";"""Banco A""";"""123456789""";"""CHECKING""";"""Banco B""";"""987654321""";"""SAVINGS""";"""CC""";"""1122334455""";"""Jane Smith""";"""CI123""";"""SV456""";"""INST12345""";"""PN""";"""CC""";"""5566778899""";"""Doe Corp""";"""555-1234""";"""doe@corp.com""";"""123 Main St""";"""PJ""";"""CE""";"""9988776655""";"""Third Party Ltd""";"""555-5678""";"""third@party.com""";instructionIdentification - Enviar campo nulo
{{id}};"""PR""";"""{{cus}}""";"""""";"""{{currentDate}}""";"""PENDING""";"""ENTITY_NOT_EXISTS""";"""Y""";"""41.40338, 2.17403""";"""ONLINE""";"""MANDATE123""";"""DAILY""";100.00;"""USD""";5.00;"""N""";"""CC""";"""1234567890""";"""John Doe""";"""B2C""";"""SV123""";"""REF2-123""";"""REF3-123""";"""UNSTR123""";"""REF1-123""";"""METHOD123""";"""Banco A""";"""123456789""";"""CHECKING""";"""Banco B""";"""987654321""";"""SAVINGS""";"""CC""";"""1122334455""";"""Jane Smith""";"""CI123""";"""SV456""";"""INST12345""";"""PN""";"""CC""";"""5566778899""";"""Doe Corp""";"""555-1234""";"""doe@corp.com""";"""123 Main St""";"""PJ""";"""CE""";"""9988776655""";"""Third Party Ltd""";"""555-5678""";"""third@party.com""";endtoendIdentification - Enviar campo vacio
{{id}};"""PR""";"""{{cus}}""";null;"""{{currentDate}}""";"""PENDING""";"""ENTITY_NOT_EXISTS""";"""Y""";"""41.40338, 2.17403""";"""ONLINE""";"""MANDATE123""";"""DAILY""";100.00;"""USD""";5.00;"""N""";"""CC""";"""1234567890""";"""John Doe""";"""B2C""";"""SV123""";"""REF2-123""";"""REF3-123""";"""UNSTR123""";"""REF1-123""";"""METHOD123""";"""Banco A""";"""123456789""";"""CHECKING""";"""Banco B""";"""987654321""";"""SAVINGS""";"""CC""";"""1122334455""";"""Jane Smith""";"""CI123""";"""SV456""";"""INST12345""";"""PN""";"""CC""";"""5566778899""";"""Doe Corp""";"""555-1234""";"""doe@corp.com""";"""123 Main St""";"""PJ""";"""CE""";"""9988776655""";"""Third Party Ltd""";"""555-5678""";"""third@party.com""";endtoendIdentification - Enviar campo nulo
{{id}};"""PR""";"""{{cus}}""";"""E2E1234567890""";"""""";"""PENDING""";"""ENTITY_NOT_EXISTS""";"""Y""";"""41.40338, 2.17403""";"""ONLINE""";"""MANDATE123""";"""DAILY""";100.00;"""USD""";5.00;"""N""";"""CC""";"""1234567890""";"""John Doe""";"""B2C""";"""SV123""";"""REF2-123""";"""REF3-123""";"""UNSTR123""";"""REF1-123""";"""METHOD123""";"""Banco A""";"""123456789""";"""CHECKING""";"""Banco B""";"""987654321""";"""SAVINGS""";"""CC""";"""1122334455""";"""Jane Smith""";"""CI123""";"""SV456""";"""INST12345""";"""PN""";"""CC""";"""5566778899""";"""Doe Corp""";"""555-1234""";"""doe@corp.com""";"""123 Main St""";"""PJ""";"""CE""";"""9988776655""";"""Third Party Ltd""";"""555-5678""";"""third@party.com""";creationDatetime - Enviar campo vacio
{{id}};"""PR""";"""{{cus}}""";"""E2E1234567890""";null;"""PENDING""";"""ENTITY_NOT_EXISTS""";"""Y""";"""41.40338, 2.17403""";"""ONLINE""";"""MANDATE123""";"""DAILY""";100.00;"""USD""";5.00;"""N""";"""CC""";"""1234567890""";"""John Doe""";"""B2C""";"""SV123""";"""REF2-123""";"""REF3-123""";"""UNSTR123""";"""REF1-123""";"""METHOD123""";"""Banco A""";"""123456789""";"""CHECKING""";"""Banco B""";"""987654321""";"""SAVINGS""";"""CC""";"""1122334455""";"""Jane Smith""";"""CI123""";"""SV456""";"""INST12345""";"""PN""";"""CC""";"""5566778899""";"""Doe Corp""";"""555-1234""";"""doe@corp.com""";"""123 Main St""";"""PJ""";"""CE""";"""9988776655""";"""Third Party Ltd""";"""555-5678""";"""third@party.com""";creationDatetime - Enviar campo nulo
{{id}};"""PR""";"""{{cus}}""";"""E2E1234567890""";"""{{currentDate}}""";"""""";"""ENTITY_NOT_EXISTS""";"""Y""";"""41.40338, 2.17403""";"""ONLINE""";"""MANDATE123""";"""DAILY""";100.00;"""USD""";5.00;"""N""";"""CC""";"""1234567890""";"""John Doe""";"""B2C""";"""SV123""";"""REF2-123""";"""REF3-123""";"""UNSTR123""";"""REF1-123""";"""METHOD123""";"""Banco A""";"""123456789""";"""CHECKING""";"""Banco B""";"""987654321""";"""SAVINGS""";"""CC""";"""1122334455""";"""Jane Smith""";"""CI123""";"""SV456""";"""INST12345""";"""PN""";"""CC""";"""5566778899""";"""Doe Corp""";"""555-1234""";"""doe@corp.com""";"""123 Main St""";"""PJ""";"""CE""";"""9988776655""";"""Third Party Ltd""";"""555-5678""";"""third@party.com""";status - Enviar campo vacio
{{id}};"""PR""";"""{{cus}}""";"""E2E1234567890""";"""{{currentDate}}""";null;"""ENTITY_NOT_EXISTS""";"""Y""";"""41.40338, 2.17403""";"""ONLINE""";"""MANDATE123""";"""DAILY""";100.00;"""USD""";5.00;"""N""";"""CC""";"""1234567890""";"""John Doe""";"""B2C""";"""SV123""";"""REF2-123""";"""REF3-123""";"""UNSTR123""";"""REF1-123""";"""METHOD123""";"""Banco A""";"""123456789""";"""CHECKING""";"""Banco B""";"""987654321""";"""SAVINGS""";"""CC""";"""1122334455""";"""Jane Smith""";"""CI123""";"""SV456""";"""INST12345""";"""PN""";"""CC""";"""5566778899""";"""Doe Corp""";"""555-1234""";"""doe@corp.com""";"""123 Main St""";"""PJ""";"""CE""";"""9988776655""";"""Third Party Ltd""";"""555-5678""";"""third@party.com""";status - Enviar campo nulo
{{id}};"""PR""";"""{{cus}}""";"""E2E1234567890""";"""{{currentDate}}""";"""PENDING""";"""""";"""Y""";"""41.40338, 2.17403""";"""ONLINE""";"""MANDATE123""";"""DAILY""";100.00;"""USD""";5.00;"""N""";"""CC""";"""1234567890""";"""John Doe""";"""B2C""";"""SV123""";"""REF2-123""";"""REF3-123""";"""UNSTR123""";"""REF1-123""";"""METHOD123""";"""Banco A""";"""123456789""";"""CHECKING""";"""Banco B""";"""987654321""";"""SAVINGS""";"""CC""";"""1122334455""";"""Jane Smith""";"""CI123""";"""SV456""";"""INST12345""";"""PN""";"""CC""";"""5566778899""";"""Doe Corp""";"""555-1234""";"""doe@corp.com""";"""123 Main St""";"""PJ""";"""CE""";"""9988776655""";"""Third Party Ltd""";"""555-5678""";"""third@party.com""";authorizationCode - Enviar campo vacio
{{id}};"""PR""";"""{{cus}}""";"""E2E1234567890""";"""{{currentDate}}""";"""PENDING""";null;"""Y""";"""41.40338, 2.17403""";"""ONLINE""";"""MANDATE123""";"""DAILY""";100.00;"""USD""";5.00;"""N""";"""CC""";"""1234567890""";"""John Doe""";"""B2C""";"""SV123""";"""REF2-123""";"""REF3-123""";"""UNSTR123""";"""REF1-123""";"""METHOD123""";"""Banco A""";"""123456789""";"""CHECKING""";"""Banco B""";"""987654321""";"""SAVINGS""";"""CC""";"""1122334455""";"""Jane Smith""";"""CI123""";"""SV456""";"""INST12345""";"""PN""";"""CC""";"""5566778899""";"""Doe Corp""";"""555-1234""";"""doe@corp.com""";"""123 Main St""";"""PJ""";"""CE""";"""9988776655""";"""Third Party Ltd""";"""555-5678""";"""third@party.com""";authorizationCode - Enviar campo nulo
{{id}};"""PR""";"""{{cus}}""";"""E2E1234567890""";"""{{currentDate}}""";"""PENDING""";"""ENTITY_NOT_EXISTS""";"""""";"""41.40338, 2.17403""";"""ONLINE""";"""MANDATE123""";"""DAILY""";100.00;"""USD""";5.00;"""N""";"""CC""";"""1234567890""";"""John Doe""";"""B2C""";"""SV123""";"""REF2-123""";"""REF3-123""";"""UNSTR123""";"""REF1-123""";"""METHOD123""";"""Banco A""";"""123456789""";"""CHECKING""";"""Banco B""";"""987654321""";"""SAVINGS""";"""CC""";"""1122334455""";"""Jane Smith""";"""CI123""";"""SV456""";"""INST12345""";"""PN""";"""CC""";"""5566778899""";"""Doe Corp""";"""555-1234""";"""doe@corp.com""";"""123 Main St""";"""PJ""";"""CE""";"""9988776655""";"""Third Party Ltd""";"""555-5678""";"""third@party.com""";validationPayeer - Enviar campo vacio
{{id}};"""PR""";"""{{cus}}""";"""E2E1234567890""";"""{{currentDate}}""";"""PENDING""";"""ENTITY_NOT_EXISTS""";null;"""41.40338, 2.17403""";"""ONLINE""";"""MANDATE123""";"""DAILY""";100.00;"""USD""";5.00;"""N""";"""CC""";"""1234567890""";"""John Doe""";"""B2C""";"""SV123""";"""REF2-123""";"""REF3-123""";"""UNSTR123""";"""REF1-123""";"""METHOD123""";"""Banco A""";"""123456789""";"""CHECKING""";"""Banco B""";"""987654321""";"""SAVINGS""";"""CC""";"""1122334455""";"""Jane Smith""";"""CI123""";"""SV456""";"""INST12345""";"""PN""";"""CC""";"""5566778899""";"""Doe Corp""";"""555-1234""";"""doe@corp.com""";"""123 Main St""";"""PJ""";"""CE""";"""9988776655""";"""Third Party Ltd""";"""555-5678""";"""third@party.com""";validationPayeer - Enviar campo nulo
{{id}};"""PR""";"""{{cus}}""";"""E2E1234567890""";"""{{currentDate}}""";"""PENDING""";"""ENTITY_NOT_EXISTS""";"""Y""";"""""";"""ONLINE""";"""MANDATE123""";"""DAILY""";100.00;"""USD""";5.00;"""N""";"""CC""";"""1234567890""";"""John Doe""";"""B2C""";"""SV123""";"""REF2-123""";"""REF3-123""";"""UNSTR123""";"""REF1-123""";"""METHOD123""";"""Banco A""";"""123456789""";"""CHECKING""";"""Banco B""";"""987654321""";"""SAVINGS""";"""CC""";"""1122334455""";"""Jane Smith""";"""CI123""";"""SV456""";"""INST12345""";"""PN""";"""CC""";"""5566778899""";"""Doe Corp""";"""555-1234""";"""doe@corp.com""";"""123 Main St""";"""PJ""";"""CE""";"""9988776655""";"""Third Party Ltd""";"""555-5678""";"""third@party.com""";geolocalization - Enviar campo vacio
{{id}};"""PR""";"""{{cus}}""";"""E2E1234567890""";"""{{currentDate}}""";"""PENDING""";"""ENTITY_NOT_EXISTS""";"""Y""";null;"""ONLINE""";"""MANDATE123""";"""DAILY""";100.00;"""USD""";5.00;"""N""";"""CC""";"""1234567890""";"""John Doe""";"""B2C""";"""SV123""";"""REF2-123""";"""REF3-123""";"""UNSTR123""";"""REF1-123""";"""METHOD123""";"""Banco A""";"""123456789""";"""CHECKING""";"""Banco B""";"""987654321""";"""SAVINGS""";"""CC""";"""1122334455""";"""Jane Smith""";"""CI123""";"""SV456""";"""INST12345""";"""PN""";"""CC""";"""5566778899""";"""Doe Corp""";"""555-1234""";"""doe@corp.com""";"""123 Main St""";"""PJ""";"""CE""";"""9988776655""";"""Third Party Ltd""";"""555-5678""";"""third@party.com""";geolocalization - Enviar campo nulo
{{id}};"""PR""";"""{{cus}}""";"""E2E1234567890""";"""{{currentDate}}""";"""PENDING""";"""ENTITY_NOT_EXISTS""";"""Y""";"""41.40338, 2.17403""";"""""";"""MANDATE123""";"""DAILY""";100.00;"""USD""";5.00;"""N""";"""CC""";"""1234567890""";"""John Doe""";"""B2C""";"""SV123""";"""REF2-123""";"""REF3-123""";"""UNSTR123""";"""REF1-123""";"""METHOD123""";"""Banco A""";"""123456789""";"""CHECKING""";"""Banco B""";"""987654321""";"""SAVINGS""";"""CC""";"""1122334455""";"""Jane Smith""";"""CI123""";"""SV456""";"""INST12345""";"""PN""";"""CC""";"""5566778899""";"""Doe Corp""";"""555-1234""";"""doe@corp.com""";"""123 Main St""";"""PJ""";"""CE""";"""9988776655""";"""Third Party Ltd""";"""555-5678""";"""third@party.com""";channel - Enviar campo vacio
{{id}};"""PR""";"""{{cus}}""";"""E2E1234567890""";"""{{currentDate}}""";"""PENDING""";"""ENTITY_NOT_EXISTS""";"""Y""";"""41.40338, 2.17403""";null;"""MANDATE123""";"""DAILY""";100.00;"""USD""";5.00;"""N""";"""CC""";"""1234567890""";"""John Doe""";"""B2C""";"""SV123""";"""REF2-123""";"""REF3-123""";"""UNSTR123""";"""REF1-123""";"""METHOD123""";"""Banco A""";"""123456789""";"""CHECKING""";"""Banco B""";"""987654321""";"""SAVINGS""";"""CC""";"""1122334455""";"""Jane Smith""";"""CI123""";"""SV456""";"""INST12345""";"""PN""";"""CC""";"""5566778899""";"""Doe Corp""";"""555-1234""";"""doe@corp.com""";"""123 Main St""";"""PJ""";"""CE""";"""9988776655""";"""Third Party Ltd""";"""555-5678""";"""third@party.com""";channel - Enviar campo nulo
{{id}};"""PR""";"""{{cus}}""";"""E2E1234567890""";"""{{currentDate}}""";"""PENDING""";"""ENTITY_NOT_EXISTS""";"""Y""";"""41.40338, 2.17403""";"""ONLINE""";"""""";"""DAILY""";100.00;"""USD""";5.00;"""N""";"""CC""";"""1234567890""";"""John Doe""";"""B2C""";"""SV123""";"""REF2-123""";"""REF3-123""";"""UNSTR123""";"""REF1-123""";"""METHOD123""";"""Banco A""";"""123456789""";"""CHECKING""";"""Banco B""";"""987654321""";"""SAVINGS""";"""CC""";"""1122334455""";"""Jane Smith""";"""CI123""";"""SV456""";"""INST12345""";"""PN""";"""CC""";"""5566778899""";"""Doe Corp""";"""555-1234""";"""doe@corp.com""";"""123 Main St""";"""PJ""";"""CE""";"""9988776655""";"""Third Party Ltd""";"""555-5678""";"""third@party.com""";mandateId - Enviar campo vacio
{{id}};"""PR""";"""{{cus}}""";"""E2E1234567890""";"""{{currentDate}}""";"""PENDING""";"""ENTITY_NOT_EXISTS""";"""Y""";"""41.40338, 2.17403""";"""ONLINE""";null;"""DAILY""";100.00;"""USD""";5.00;"""N""";"""CC""";"""1234567890""";"""John Doe""";"""B2C""";"""SV123""";"""REF2-123""";"""REF3-123""";"""UNSTR123""";"""REF1-123""";"""METHOD123""";"""Banco A""";"""123456789""";"""CHECKING""";"""Banco B""";"""987654321""";"""SAVINGS""";"""CC""";"""1122334455""";"""Jane Smith""";"""CI123""";"""SV456""";"""INST12345""";"""PN""";"""CC""";"""5566778899""";"""Doe Corp""";"""555-1234""";"""doe@corp.com""";"""123 Main St""";"""PJ""";"""CE""";"""9988776655""";"""Third Party Ltd""";"""555-5678""";"""third@party.com""";mandateId - Enviar campo nulo
{{id}};"""PR""";"""{{cus}}""";"""E2E1234567890""";"""{{currentDate}}""";"""PENDING""";"""ENTITY_NOT_EXISTS""";"""Y""";"""41.40338, 2.17403""";"""ONLINE""";"""MANDATE123""";"""""";100.00;"""USD""";5.00;"""N""";"""CC""";"""1234567890""";"""John Doe""";"""B2C""";"""SV123""";"""REF2-123""";"""REF3-123""";"""UNSTR123""";"""REF1-123""";"""METHOD123""";"""Banco A""";"""123456789""";"""CHECKING""";"""Banco B""";"""987654321""";"""SAVINGS""";"""CC""";"""1122334455""";"""Jane Smith""";"""CI123""";"""SV456""";"""INST12345""";"""PN""";"""CC""";"""5566778899""";"""Doe Corp""";"""555-1234""";"""doe@corp.com""";"""123 Main St""";"""PJ""";"""CE""";"""9988776655""";"""Third Party Ltd""";"""555-5678""";"""third@party.com""";cicle - Enviar campo vacio
{{id}};"""PR""";"""{{cus}}""";"""E2E1234567890""";"""{{currentDate}}""";"""PENDING""";"""ENTITY_NOT_EXISTS""";"""Y""";"""41.40338, 2.17403""";"""ONLINE""";"""MANDATE123""";null;100.00;"""USD""";5.00;"""N""";"""CC""";"""1234567890""";"""John Doe""";"""B2C""";"""SV123""";"""REF2-123""";"""REF3-123""";"""UNSTR123""";"""REF1-123""";"""METHOD123""";"""Banco A""";"""123456789""";"""CHECKING""";"""Banco B""";"""987654321""";"""SAVINGS""";"""CC""";"""1122334455""";"""Jane Smith""";"""CI123""";"""SV456""";"""INST12345""";"""PN""";"""CC""";"""5566778899""";"""Doe Corp""";"""555-1234""";"""doe@corp.com""";"""123 Main St""";"""PJ""";"""CE""";"""9988776655""";"""Third Party Ltd""";"""555-5678""";"""third@party.com""";cicle - Enviar campo nulo
{{id}};"""PR""";"""{{cus}}""";"""E2E1234567890""";"""{{currentDate}}""";"""PENDING""";"""ENTITY_NOT_EXISTS""";"""Y""";"""41.40338, 2.17403""";"""ONLINE""";"""MANDATE123""";"""DAILY""";;"""USD""";5.00;"""N""";"""CC""";"""1234567890""";"""John Doe""";"""B2C""";"""SV123""";"""REF2-123""";"""REF3-123""";"""UNSTR123""";"""REF1-123""";"""METHOD123""";"""Banco A""";"""123456789""";"""CHECKING""";"""Banco B""";"""987654321""";"""SAVINGS""";"""CC""";"""1122334455""";"""Jane Smith""";"""CI123""";"""SV456""";"""INST12345""";"""PN""";"""CC""";"""5566778899""";"""Doe Corp""";"""555-1234""";"""doe@corp.com""";"""123 Main St""";"""PJ""";"""CE""";"""9988776655""";"""Third Party Ltd""";"""555-5678""";"""third@party.com""";amount - Enviar campo vacio
{{id}};"""PR""";"""{{cus}}""";"""E2E1234567890""";"""{{currentDate}}""";"""PENDING""";"""ENTITY_NOT_EXISTS""";"""Y""";"""41.40338, 2.17403""";"""ONLINE""";"""MANDATE123""";"""DAILY""";null;"""USD""";5.00;"""N""";"""CC""";"""1234567890""";"""John Doe""";"""B2C""";"""SV123""";"""REF2-123""";"""REF3-123""";"""UNSTR123""";"""REF1-123""";"""METHOD123""";"""Banco A""";"""123456789""";"""CHECKING""";"""Banco B""";"""987654321""";"""SAVINGS""";"""CC""";"""1122334455""";"""Jane Smith""";"""CI123""";"""SV456""";"""INST12345""";"""PN""";"""CC""";"""5566778899""";"""Doe Corp""";"""555-1234""";"""doe@corp.com""";"""123 Main St""";"""PJ""";"""CE""";"""9988776655""";"""Third Party Ltd""";"""555-5678""";"""third@party.com""";amount - Enviar campo nulo
{{id}};"""PR""";"""{{cus}}""";"""E2E1234567890""";"""{{currentDate}}""";"""PENDING""";"""ENTITY_NOT_EXISTS""";"""Y""";"""41.40338, 2.17403""";"""ONLINE""";"""MANDATE123""";"""DAILY""";100.00;"""""";5.00;"""N""";"""CC""";"""1234567890""";"""John Doe""";"""B2C""";"""SV123""";"""REF2-123""";"""REF3-123""";"""UNSTR123""";"""REF1-123""";"""METHOD123""";"""Banco A""";"""123456789""";"""CHECKING""";"""Banco B""";"""987654321""";"""SAVINGS""";"""CC""";"""1122334455""";"""Jane Smith""";"""CI123""";"""SV456""";"""INST12345""";"""PN""";"""CC""";"""5566778899""";"""Doe Corp""";"""555-1234""";"""doe@corp.com""";"""123 Main St""";"""PJ""";"""CE""";"""9988776655""";"""Third Party Ltd""";"""555-5678""";"""third@party.com""";currency - Enviar campo vacio
{{id}};"""PR""";"""{{cus}}""";"""E2E1234567890""";"""{{currentDate}}""";"""PENDING""";"""ENTITY_NOT_EXISTS""";"""Y""";"""41.40338, 2.17403""";"""ONLINE""";"""MANDATE123""";"""DAILY""";100.00;null;5.00;"""N""";"""CC""";"""1234567890""";"""John Doe""";"""B2C""";"""SV123""";"""REF2-123""";"""REF3-123""";"""UNSTR123""";"""REF1-123""";"""METHOD123""";"""Banco A""";"""123456789""";"""CHECKING""";"""Banco B""";"""987654321""";"""SAVINGS""";"""CC""";"""1122334455""";"""Jane Smith""";"""CI123""";"""SV456""";"""INST12345""";"""PN""";"""CC""";"""5566778899""";"""Doe Corp""";"""555-1234""";"""doe@corp.com""";"""123 Main St""";"""PJ""";"""CE""";"""9988776655""";"""Third Party Ltd""";"""555-5678""";"""third@party.com""";currency - Enviar campo nulo
{{id}};"""PR""";"""{{cus}}""";"""E2E1234567890""";"""{{currentDate}}""";"""PENDING""";"""ENTITY_NOT_EXISTS""";"""Y""";"""41.40338, 2.17403""";"""ONLINE""";"""MANDATE123""";"""DAILY""";100.00;"""USD""";;"""N""";"""CC""";"""1234567890""";"""John Doe""";"""B2C""";"""SV123""";"""REF2-123""";"""REF3-123""";"""UNSTR123""";"""REF1-123""";"""METHOD123""";"""Banco A""";"""123456789""";"""CHECKING""";"""Banco B""";"""987654321""";"""SAVINGS""";"""CC""";"""1122334455""";"""Jane Smith""";"""CI123""";"""SV456""";"""INST12345""";"""PN""";"""CC""";"""5566778899""";"""Doe Corp""";"""555-1234""";"""doe@corp.com""";"""123 Main St""";"""PJ""";"""CE""";"""9988776655""";"""Third Party Ltd""";"""555-5678""";"""third@party.com""";chargesAmount - Enviar campo vacio
{{id}};"""PR""";"""{{cus}}""";"""E2E1234567890""";"""{{currentDate}}""";"""PENDING""";"""ENTITY_NOT_EXISTS""";"""Y""";"""41.40338, 2.17403""";"""ONLINE""";"""MANDATE123""";"""DAILY""";100.00;"""USD""";null;"""N""";"""CC""";"""1234567890""";"""John Doe""";"""B2C""";"""SV123""";"""REF2-123""";"""REF3-123""";"""UNSTR123""";"""REF1-123""";"""METHOD123""";"""Banco A""";"""123456789""";"""CHECKING""";"""Banco B""";"""987654321""";"""SAVINGS""";"""CC""";"""1122334455""";"""Jane Smith""";"""CI123""";"""SV456""";"""INST12345""";"""PN""";"""CC""";"""5566778899""";"""Doe Corp""";"""555-1234""";"""doe@corp.com""";"""123 Main St""";"""PJ""";"""CE""";"""9988776655""";"""Third Party Ltd""";"""555-5678""";"""third@party.com""";chargesAmount - Enviar campo nulo
{{id}};"""PR""";"""{{cus}}""";"""E2E1234567890""";"""{{currentDate}}""";"""PENDING""";"""ENTITY_NOT_EXISTS""";"""Y""";"""41.40338, 2.17403""";"""ONLINE""";"""MANDATE123""";"""DAILY""";100.00;"""USD""";5.00;"""""";"""CC""";"""1234567890""";"""John Doe""";"""B2C""";"""SV123""";"""REF2-123""";"""REF3-123""";"""UNSTR123""";"""REF1-123""";"""METHOD123""";"""Banco A""";"""123456789""";"""CHECKING""";"""Banco B""";"""987654321""";"""SAVINGS""";"""CC""";"""1122334455""";"""Jane Smith""";"""CI123""";"""SV456""";"""INST12345""";"""PN""";"""CC""";"""5566778899""";"""Doe Corp""";"""555-1234""";"""doe@corp.com""";"""123 Main St""";"""PJ""";"""CE""";"""9988776655""";"""Third Party Ltd""";"""555-5678""";"""third@party.com""";gmftaxIndicator - Enviar campo vacio
{{id}};"""PR""";"""{{cus}}""";"""E2E1234567890""";"""{{currentDate}}""";"""PENDING""";"""ENTITY_NOT_EXISTS""";"""Y""";"""41.40338, 2.17403""";"""ONLINE""";"""MANDATE123""";"""DAILY""";100.00;"""USD""";5.00;null;"""CC""";"""1234567890""";"""John Doe""";"""B2C""";"""SV123""";"""REF2-123""";"""REF3-123""";"""UNSTR123""";"""REF1-123""";"""METHOD123""";"""Banco A""";"""123456789""";"""CHECKING""";"""Banco B""";"""987654321""";"""SAVINGS""";"""CC""";"""1122334455""";"""Jane Smith""";"""CI123""";"""SV456""";"""INST12345""";"""PN""";"""CC""";"""5566778899""";"""Doe Corp""";"""555-1234""";"""doe@corp.com""";"""123 Main St""";"""PJ""";"""CE""";"""9988776655""";"""Third Party Ltd""";"""555-5678""";"""third@party.com""";gmftaxIndicator - Enviar campo nulo
{{id}};"""PR""";"""{{cus}}""";"""E2E1234567890""";"""{{currentDate}}""";"""PENDING""";"""ENTITY_NOT_EXISTS""";"""Y""";"""41.40338, 2.17403""";"""ONLINE""";"""MANDATE123""";"""DAILY""";100.00;"""USD""";5.00;"""N""";"""""";"""1234567890""";"""John Doe""";"""B2C""";"""SV123""";"""REF2-123""";"""REF3-123""";"""UNSTR123""";"""REF1-123""";"""METHOD123""";"""Banco A""";"""123456789""";"""CHECKING""";"""Banco B""";"""987654321""";"""SAVINGS""";"""CC""";"""1122334455""";"""Jane Smith""";"""CI123""";"""SV456""";"""INST12345""";"""PN""";"""CC""";"""5566778899""";"""Doe Corp""";"""555-1234""";"""doe@corp.com""";"""123 Main St""";"""PJ""";"""CE""";"""9988776655""";"""Third Party Ltd""";"""555-5678""";"""third@party.com""";identificationType - Enviar campo vacio
{{id}};"""PR""";"""{{cus}}""";"""E2E1234567890""";"""{{currentDate}}""";"""PENDING""";"""ENTITY_NOT_EXISTS""";"""Y""";"""41.40338, 2.17403""";"""ONLINE""";"""MANDATE123""";"""DAILY""";100.00;"""USD""";5.00;"""N""";null;"""1234567890""";"""John Doe""";"""B2C""";"""SV123""";"""REF2-123""";"""REF3-123""";"""UNSTR123""";"""REF1-123""";"""METHOD123""";"""Banco A""";"""123456789""";"""CHECKING""";"""Banco B""";"""987654321""";"""SAVINGS""";"""CC""";"""1122334455""";"""Jane Smith""";"""CI123""";"""SV456""";"""INST12345""";"""PN""";"""CC""";"""5566778899""";"""Doe Corp""";"""555-1234""";"""doe@corp.com""";"""123 Main St""";"""PJ""";"""CE""";"""9988776655""";"""Third Party Ltd""";"""555-5678""";"""third@party.com""";identificationType - Enviar campo nulo
{{id}};"""PR""";"""{{cus}}""";"""E2E1234567890""";"""{{currentDate}}""";"""PENDING""";"""ENTITY_NOT_EXISTS""";"""Y""";"""41.40338, 2.17403""";"""ONLINE""";"""MANDATE123""";"""DAILY""";100.00;"""USD""";5.00;"""N""";"""CC""";"""""";"""John Doe""";"""B2C""";"""SV123""";"""REF2-123""";"""REF3-123""";"""UNSTR123""";"""REF1-123""";"""METHOD123""";"""Banco A""";"""123456789""";"""CHECKING""";"""Banco B""";"""987654321""";"""SAVINGS""";"""CC""";"""1122334455""";"""Jane Smith""";"""CI123""";"""SV456""";"""INST12345""";"""PN""";"""CC""";"""5566778899""";"""Doe Corp""";"""555-1234""";"""doe@corp.com""";"""123 Main St""";"""PJ""";"""CE""";"""9988776655""";"""Third Party Ltd""";"""555-5678""";"""third@party.com""";identificationNumber - Enviar campo vacio
{{id}};"""PR""";"""{{cus}}""";"""E2E1234567890""";"""{{currentDate}}""";"""PENDING""";"""ENTITY_NOT_EXISTS""";"""Y""";"""41.40338, 2.17403""";"""ONLINE""";"""MANDATE123""";"""DAILY""";100.00;"""USD""";5.00;"""N""";"""CC""";null;"""John Doe""";"""B2C""";"""SV123""";"""REF2-123""";"""REF3-123""";"""UNSTR123""";"""REF1-123""";"""METHOD123""";"""Banco A""";"""123456789""";"""CHECKING""";"""Banco B""";"""987654321""";"""SAVINGS""";"""CC""";"""1122334455""";"""Jane Smith""";"""CI123""";"""SV456""";"""INST12345""";"""PN""";"""CC""";"""5566778899""";"""Doe Corp""";"""555-1234""";"""doe@corp.com""";"""123 Main St""";"""PJ""";"""CE""";"""9988776655""";"""Third Party Ltd""";"""555-5678""";"""third@party.com""";identificationNumber - Enviar campo nulo
{{id}};"""PR""";"""{{cus}}""";"""E2E1234567890""";"""{{currentDate}}""";"""PENDING""";"""ENTITY_NOT_EXISTS""";"""Y""";"""41.40338, 2.17403""";"""ONLINE""";"""MANDATE123""";"""DAILY""";100.00;"""USD""";5.00;"""N""";"""CC""";"""1234567890""";"""""";"""B2C""";"""SV123""";"""REF2-123""";"""REF3-123""";"""UNSTR123""";"""REF1-123""";"""METHOD123""";"""Banco A""";"""123456789""";"""CHECKING""";"""Banco B""";"""987654321""";"""SAVINGS""";"""CC""";"""1122334455""";"""Jane Smith""";"""CI123""";"""SV456""";"""INST12345""";"""PN""";"""CC""";"""5566778899""";"""Doe Corp""";"""555-1234""";"""doe@corp.com""";"""123 Main St""";"""PJ""";"""CE""";"""9988776655""";"""Third Party Ltd""";"""555-5678""";"""third@party.com""";merchantCustomerName - Enviar campo vacio
{{id}};"""PR""";"""{{cus}}""";"""E2E1234567890""";"""{{currentDate}}""";"""PENDING""";"""ENTITY_NOT_EXISTS""";"""Y""";"""41.40338, 2.17403""";"""ONLINE""";"""MANDATE123""";"""DAILY""";100.00;"""USD""";5.00;"""N""";"""CC""";"""1234567890""";null;"""B2C""";"""SV123""";"""REF2-123""";"""REF3-123""";"""UNSTR123""";"""REF1-123""";"""METHOD123""";"""Banco A""";"""123456789""";"""CHECKING""";"""Banco B""";"""987654321""";"""SAVINGS""";"""CC""";"""1122334455""";"""Jane Smith""";"""CI123""";"""SV456""";"""INST12345""";"""PN""";"""CC""";"""5566778899""";"""Doe Corp""";"""555-1234""";"""doe@corp.com""";"""123 Main St""";"""PJ""";"""CE""";"""9988776655""";"""Third Party Ltd""";"""555-5678""";"""third@party.com""";merchantCustomerName - Enviar campo nulo
{{id}};"""PR""";"""{{cus}}""";"""E2E1234567890""";"""{{currentDate}}""";"""PENDING""";"""ENTITY_NOT_EXISTS""";"""Y""";"""41.40338, 2.17403""";"""ONLINE""";"""MANDATE123""";"""DAILY""";100.00;"""USD""";5.00;"""N""";"""CC""";"""1234567890""";"""John Doe""";"""""";"""SV123""";"""REF2-123""";"""REF3-123""";"""UNSTR123""";"""REF1-123""";"""METHOD123""";"""Banco A""";"""123456789""";"""CHECKING""";"""Banco B""";"""987654321""";"""SAVINGS""";"""CC""";"""1122334455""";"""Jane Smith""";"""CI123""";"""SV456""";"""INST12345""";"""PN""";"""CC""";"""5566778899""";"""Doe Corp""";"""555-1234""";"""doe@corp.com""";"""123 Main St""";"""PJ""";"""CE""";"""9988776655""";"""Third Party Ltd""";"""555-5678""";"""third@party.com""";merchantCustomerCategoryCode - Enviar campo vacio
{{id}};"""PR""";"""{{cus}}""";"""E2E1234567890""";"""{{currentDate}}""";"""PENDING""";"""ENTITY_NOT_EXISTS""";"""Y""";"""41.40338, 2.17403""";"""ONLINE""";"""MANDATE123""";"""DAILY""";100.00;"""USD""";5.00;"""N""";"""CC""";"""1234567890""";"""John Doe""";null;"""SV123""";"""REF2-123""";"""REF3-123""";"""UNSTR123""";"""REF1-123""";"""METHOD123""";"""Banco A""";"""123456789""";"""CHECKING""";"""Banco B""";"""987654321""";"""SAVINGS""";"""CC""";"""1122334455""";"""Jane Smith""";"""CI123""";"""SV456""";"""INST12345""";"""PN""";"""CC""";"""5566778899""";"""Doe Corp""";"""555-1234""";"""doe@corp.com""";"""123 Main St""";"""PJ""";"""CE""";"""9988776655""";"""Third Party Ltd""";"""555-5678""";"""third@party.com""";merchantCustomerCategoryCode - Enviar campo nulo
{{id}};"""PR""";"""{{cus}}""";"""E2E1234567890""";"""{{currentDate}}""";"""PENDING""";"""ENTITY_NOT_EXISTS""";"""Y""";"""41.40338, 2.17403""";"""ONLINE""";"""MANDATE123""";"""DAILY""";100.00;"""USD""";5.00;"""N""";"""CC""";"""1234567890""";"""John Doe""";"""B2C""";"""""";"""REF2-123""";"""REF3-123""";"""UNSTR123""";"""REF1-123""";"""METHOD123""";"""Banco A""";"""123456789""";"""CHECKING""";"""Banco B""";"""987654321""";"""SAVINGS""";"""CC""";"""1122334455""";"""Jane Smith""";"""CI123""";"""SV456""";"""INST12345""";"""PN""";"""CC""";"""5566778899""";"""Doe Corp""";"""555-1234""";"""doe@corp.com""";"""123 Main St""";"""PJ""";"""CE""";"""9988776655""";"""Third Party Ltd""";"""555-5678""";"""third@party.com""";serviceCode - Enviar campo vacio
{{id}};"""PR""";"""{{cus}}""";"""E2E1234567890""";"""{{currentDate}}""";"""PENDING""";"""ENTITY_NOT_EXISTS""";"""Y""";"""41.40338, 2.17403""";"""ONLINE""";"""MANDATE123""";"""DAILY""";100.00;"""USD""";5.00;"""N""";"""CC""";"""1234567890""";"""John Doe""";"""B2C""";null;"""REF2-123""";"""REF3-123""";"""UNSTR123""";"""REF1-123""";"""METHOD123""";"""Banco A""";"""123456789""";"""CHECKING""";"""Banco B""";"""987654321""";"""SAVINGS""";"""CC""";"""1122334455""";"""Jane Smith""";"""CI123""";"""SV456""";"""INST12345""";"""PN""";"""CC""";"""5566778899""";"""Doe Corp""";"""555-1234""";"""doe@corp.com""";"""123 Main St""";"""PJ""";"""CE""";"""9988776655""";"""Third Party Ltd""";"""555-5678""";"""third@party.com""";serviceCode - Enviar campo nulo
{{id}};"""PR""";"""{{cus}}""";"""E2E1234567890""";"""{{currentDate}}""";"""PENDING""";"""ENTITY_NOT_EXISTS""";"""Y""";"""41.40338, 2.17403""";"""ONLINE""";"""MANDATE123""";"""DAILY""";100.00;"""USD""";5.00;"""N""";"""CC""";"""1234567890""";"""John Doe""";"""B2C""";"""SV123""";"""""";"""REF3-123""";"""UNSTR123""";"""REF1-123""";"""METHOD123""";"""Banco A""";"""123456789""";"""CHECKING""";"""Banco B""";"""987654321""";"""SAVINGS""";"""CC""";"""1122334455""";"""Jane Smith""";"""CI123""";"""SV456""";"""INST12345""";"""PN""";"""CC""";"""5566778899""";"""Doe Corp""";"""555-1234""";"""doe@corp.com""";"""123 Main St""";"""PJ""";"""CE""";"""9988776655""";"""Third Party Ltd""";"""555-5678""";"""third@party.com""";reference2 - Enviar campo vacio
{{id}};"""PR""";"""{{cus}}""";"""E2E1234567890""";"""{{currentDate}}""";"""PENDING""";"""ENTITY_NOT_EXISTS""";"""Y""";"""41.40338, 2.17403""";"""ONLINE""";"""MANDATE123""";"""DAILY""";100.00;"""USD""";5.00;"""N""";"""CC""";"""1234567890""";"""John Doe""";"""B2C""";"""SV123""";null;"""REF3-123""";"""UNSTR123""";"""REF1-123""";"""METHOD123""";"""Banco A""";"""123456789""";"""CHECKING""";"""Banco B""";"""987654321""";"""SAVINGS""";"""CC""";"""1122334455""";"""Jane Smith""";"""CI123""";"""SV456""";"""INST12345""";"""PN""";"""CC""";"""5566778899""";"""Doe Corp""";"""555-1234""";"""doe@corp.com""";"""123 Main St""";"""PJ""";"""CE""";"""9988776655""";"""Third Party Ltd""";"""555-5678""";"""third@party.com""";reference2 - Enviar campo nulo
{{id}};"""PR""";"""{{cus}}""";"""E2E1234567890""";"""{{currentDate}}""";"""PENDING""";"""ENTITY_NOT_EXISTS""";"""Y""";"""41.40338, 2.17403""";"""ONLINE""";"""MANDATE123""";"""DAILY""";100.00;"""USD""";5.00;"""N""";"""CC""";"""1234567890""";"""John Doe""";"""B2C""";"""SV123""";"""REF2-123""";"""""";"""UNSTR123""";"""REF1-123""";"""METHOD123""";"""Banco A""";"""123456789""";"""CHECKING""";"""Banco B""";"""987654321""";"""SAVINGS""";"""CC""";"""1122334455""";"""Jane Smith""";"""CI123""";"""SV456""";"""INST12345""";"""PN""";"""CC""";"""5566778899""";"""Doe Corp""";"""555-1234""";"""doe@corp.com""";"""123 Main St""";"""PJ""";"""CE""";"""9988776655""";"""Third Party Ltd""";"""555-5678""";"""third@party.com""";reference3 - Enviar campo vacio
{{id}};"""PR""";"""{{cus}}""";"""E2E1234567890""";"""{{currentDate}}""";"""PENDING""";"""ENTITY_NOT_EXISTS""";"""Y""";"""41.40338, 2.17403""";"""ONLINE""";"""MANDATE123""";"""DAILY""";100.00;"""USD""";5.00;"""N""";"""CC""";"""1234567890""";"""John Doe""";"""B2C""";"""SV123""";"""REF2-123""";null;"""UNSTR123""";"""REF1-123""";"""METHOD123""";"""Banco A""";"""123456789""";"""CHECKING""";"""Banco B""";"""987654321""";"""SAVINGS""";"""CC""";"""1122334455""";"""Jane Smith""";"""CI123""";"""SV456""";"""INST12345""";"""PN""";"""CC""";"""5566778899""";"""Doe Corp""";"""555-1234""";"""doe@corp.com""";"""123 Main St""";"""PJ""";"""CE""";"""9988776655""";"""Third Party Ltd""";"""555-5678""";"""third@party.com""";reference3 - Enviar campo nulo
{{id}};"""PR""";"""{{cus}}""";"""E2E1234567890""";"""{{currentDate}}""";"""PENDING""";"""ENTITY_NOT_EXISTS""";"""Y""";"""41.40338, 2.17403""";"""ONLINE""";"""MANDATE123""";"""DAILY""";100.00;"""USD""";5.00;"""N""";"""CC""";"""1234567890""";"""John Doe""";"""B2C""";"""SV123""";"""REF2-123""";"""REF3-123""";"""""";"""REF1-123""";"""METHOD123""";"""Banco A""";"""123456789""";"""CHECKING""";"""Banco B""";"""987654321""";"""SAVINGS""";"""CC""";"""1122334455""";"""Jane Smith""";"""CI123""";"""SV456""";"""INST12345""";"""PN""";"""CC""";"""5566778899""";"""Doe Corp""";"""555-1234""";"""doe@corp.com""";"""123 Main St""";"""PJ""";"""CE""";"""9988776655""";"""Third Party Ltd""";"""555-5678""";"""third@party.com""";unstructured - Enviar campo vacio
{{id}};"""PR""";"""{{cus}}""";"""E2E1234567890""";"""{{currentDate}}""";"""PENDING""";"""ENTITY_NOT_EXISTS""";"""Y""";"""41.40338, 2.17403""";"""ONLINE""";"""MANDATE123""";"""DAILY""";100.00;"""USD""";5.00;"""N""";"""CC""";"""1234567890""";"""John Doe""";"""B2C""";"""SV123""";"""REF2-123""";"""REF3-123""";null;"""REF1-123""";"""METHOD123""";"""Banco A""";"""123456789""";"""CHECKING""";"""Banco B""";"""987654321""";"""SAVINGS""";"""CC""";"""1122334455""";"""Jane Smith""";"""CI123""";"""SV456""";"""INST12345""";"""PN""";"""CC""";"""5566778899""";"""Doe Corp""";"""555-1234""";"""doe@corp.com""";"""123 Main St""";"""PJ""";"""CE""";"""9988776655""";"""Third Party Ltd""";"""555-5678""";"""third@party.com""";unstructured - Enviar campo nulo
{{id}};"""PR""";"""{{cus}}""";"""E2E1234567890""";"""{{currentDate}}""";"""PENDING""";"""ENTITY_NOT_EXISTS""";"""Y""";"""41.40338, 2.17403""";"""ONLINE""";"""MANDATE123""";"""DAILY""";100.00;"""USD""";5.00;"""N""";"""CC""";"""1234567890""";"""John Doe""";"""B2C""";"""SV123""";"""REF2-123""";"""REF3-123""";"""UNSTR123""";"""""";"""METHOD123""";"""Banco A""";"""123456789""";"""CHECKING""";"""Banco B""";"""987654321""";"""SAVINGS""";"""CC""";"""1122334455""";"""Jane Smith""";"""CI123""";"""SV456""";"""INST12345""";"""PN""";"""CC""";"""5566778899""";"""Doe Corp""";"""555-1234""";"""doe@corp.com""";"""123 Main St""";"""PJ""";"""CE""";"""9988776655""";"""Third Party Ltd""";"""555-5678""";"""third@party.com""";reference1 - Enviar campo vacio
{{id}};"""PR""";"""{{cus}}""";"""E2E1234567890""";"""{{currentDate}}""";"""PENDING""";"""ENTITY_NOT_EXISTS""";"""Y""";"""41.40338, 2.17403""";"""ONLINE""";"""MANDATE123""";"""DAILY""";100.00;"""USD""";5.00;"""N""";"""CC""";"""1234567890""";"""John Doe""";"""B2C""";"""SV123""";"""REF2-123""";"""REF3-123""";"""UNSTR123""";null;"""METHOD123""";"""Banco A""";"""123456789""";"""CHECKING""";"""Banco B""";"""987654321""";"""SAVINGS""";"""CC""";"""1122334455""";"""Jane Smith""";"""CI123""";"""SV456""";"""INST12345""";"""PN""";"""CC""";"""5566778899""";"""Doe Corp""";"""555-1234""";"""doe@corp.com""";"""123 Main St""";"""PJ""";"""CE""";"""9988776655""";"""Third Party Ltd""";"""555-5678""";"""third@party.com""";reference1 - Enviar campo nulo
{{id}};"""PR""";"""{{cus}}""";"""E2E1234567890""";"""{{currentDate}}""";"""PENDING""";"""ENTITY_NOT_EXISTS""";"""Y""";"""41.40338, 2.17403""";"""ONLINE""";"""MANDATE123""";"""DAILY""";100.00;"""USD""";5.00;"""N""";"""CC""";"""1234567890""";"""John Doe""";"""B2C""";"""SV123""";"""REF2-123""";"""REF3-123""";"""UNSTR123""";"""REF1-123""";"""""";"""Banco A""";"""123456789""";"""CHECKING""";"""Banco B""";"""987654321""";"""SAVINGS""";"""CC""";"""1122334455""";"""Jane Smith""";"""CI123""";"""SV456""";"""INST12345""";"""PN""";"""CC""";"""5566778899""";"""Doe Corp""";"""555-1234""";"""doe@corp.com""";"""123 Main St""";"""PJ""";"""CE""";"""9988776655""";"""Third Party Ltd""";"""555-5678""";"""third@party.com""";method - Enviar campo vacio
{{id}};"""PR""";"""{{cus}}""";"""E2E1234567890""";"""{{currentDate}}""";"""PENDING""";"""ENTITY_NOT_EXISTS""";"""Y""";"""41.40338, 2.17403""";"""ONLINE""";"""MANDATE123""";"""DAILY""";100.00;"""USD""";5.00;"""N""";"""CC""";"""1234567890""";"""John Doe""";"""B2C""";"""SV123""";"""REF2-123""";"""REF3-123""";"""UNSTR123""";"""REF1-123""";null;"""Banco A""";"""123456789""";"""CHECKING""";"""Banco B""";"""987654321""";"""SAVINGS""";"""CC""";"""1122334455""";"""Jane Smith""";"""CI123""";"""SV456""";"""INST12345""";"""PN""";"""CC""";"""5566778899""";"""Doe Corp""";"""555-1234""";"""doe@corp.com""";"""123 Main St""";"""PJ""";"""CE""";"""9988776655""";"""Third Party Ltd""";"""555-5678""";"""third@party.com""";method - Enviar campo nulo
{{id}};"""PR""";"""{{cus}}""";"""E2E1234567890""";"""{{currentDate}}""";"""PENDING""";"""ENTITY_NOT_EXISTS""";"""Y""";"""41.40338, 2.17403""";"""ONLINE""";"""MANDATE123""";"""DAILY""";100.00;"""USD""";5.00;"""N""";"""CC""";"""1234567890""";"""John Doe""";"""B2C""";"""SV123""";"""REF2-123""";"""REF3-123""";"""UNSTR123""";"""REF1-123""";"""METHOD123""";"""""";"""123456789""";"""CHECKING""";"""Banco B""";"""987654321""";"""SAVINGS""";"""CC""";"""1122334455""";"""Jane Smith""";"""CI123""";"""SV456""";"""INST12345""";"""PN""";"""CC""";"""5566778899""";"""Doe Corp""";"""555-1234""";"""doe@corp.com""";"""123 Main St""";"""PJ""";"""CE""";"""9988776655""";"""Third Party Ltd""";"""555-5678""";"""third@party.com""";financial_institution - Enviar campo vacio
{{id}};"""PR""";"""{{cus}}""";"""E2E1234567890""";"""{{currentDate}}""";"""PENDING""";"""ENTITY_NOT_EXISTS""";"""Y""";"""41.40338, 2.17403""";"""ONLINE""";"""MANDATE123""";"""DAILY""";100.00;"""USD""";5.00;"""N""";"""CC""";"""1234567890""";"""John Doe""";"""B2C""";"""SV123""";"""REF2-123""";"""REF3-123""";"""UNSTR123""";"""REF1-123""";"""METHOD123""";null;"""123456789""";"""CHECKING""";"""Banco B""";"""987654321""";"""SAVINGS""";"""CC""";"""1122334455""";"""Jane Smith""";"""CI123""";"""SV456""";"""INST12345""";"""PN""";"""CC""";"""5566778899""";"""Doe Corp""";"""555-1234""";"""doe@corp.com""";"""123 Main St""";"""PJ""";"""CE""";"""9988776655""";"""Third Party Ltd""";"""555-5678""";"""third@party.com""";financial_institution - Enviar campo nulo
{{id}};"""PR""";"""{{cus}}""";"""E2E1234567890""";"""{{currentDate}}""";"""PENDING""";"""ENTITY_NOT_EXISTS""";"""Y""";"""41.40338, 2.17403""";"""ONLINE""";"""MANDATE123""";"""DAILY""";100.00;"""USD""";5.00;"""N""";"""CC""";"""1234567890""";"""John Doe""";"""B2C""";"""SV123""";"""REF2-123""";"""REF3-123""";"""UNSTR123""";"""REF1-123""";"""METHOD123""";"""Banco A""";"""""";"""CHECKING""";"""Banco B""";"""987654321""";"""SAVINGS""";"""CC""";"""1122334455""";"""Jane Smith""";"""CI123""";"""SV456""";"""INST12345""";"""PN""";"""CC""";"""5566778899""";"""Doe Corp""";"""555-1234""";"""doe@corp.com""";"""123 Main St""";"""PJ""";"""CE""";"""9988776655""";"""Third Party Ltd""";"""555-5678""";"""third@party.com""";account - Enviar campo vacio
{{id}};"""PR""";"""{{cus}}""";"""E2E1234567890""";"""{{currentDate}}""";"""PENDING""";"""ENTITY_NOT_EXISTS""";"""Y""";"""41.40338, 2.17403""";"""ONLINE""";"""MANDATE123""";"""DAILY""";100.00;"""USD""";5.00;"""N""";"""CC""";"""1234567890""";"""John Doe""";"""B2C""";"""SV123""";"""REF2-123""";"""REF3-123""";"""UNSTR123""";"""REF1-123""";"""METHOD123""";"""Banco A""";null;"""CHECKING""";"""Banco B""";"""987654321""";"""SAVINGS""";"""CC""";"""1122334455""";"""Jane Smith""";"""CI123""";"""SV456""";"""INST12345""";"""PN""";"""CC""";"""5566778899""";"""Doe Corp""";"""555-1234""";"""doe@corp.com""";"""123 Main St""";"""PJ""";"""CE""";"""9988776655""";"""Third Party Ltd""";"""555-5678""";"""third@party.com""";account - Enviar campo nulo
{{id}};"""PR""";"""{{cus}}""";"""E2E1234567890""";"""{{currentDate}}""";"""PENDING""";"""ENTITY_NOT_EXISTS""";"""Y""";"""41.40338, 2.17403""";"""ONLINE""";"""MANDATE123""";"""DAILY""";100.00;"""USD""";5.00;"""N""";"""CC""";"""1234567890""";"""John Doe""";"""B2C""";"""SV123""";"""REF2-123""";"""REF3-123""";"""UNSTR123""";"""REF1-123""";"""METHOD123""";"""Banco A""";"""123456789""";"""""";"""Banco B""";"""987654321""";"""SAVINGS""";"""CC""";"""1122334455""";"""Jane Smith""";"""CI123""";"""SV456""";"""INST12345""";"""PN""";"""CC""";"""5566778899""";"""Doe Corp""";"""555-1234""";"""doe@corp.com""";"""123 Main St""";"""PJ""";"""CE""";"""9988776655""";"""Third Party Ltd""";"""555-5678""";"""third@party.com""";accountType - Enviar campo vacio
{{id}};"""PR""";"""{{cus}}""";"""E2E1234567890""";"""{{currentDate}}""";"""PENDING""";"""ENTITY_NOT_EXISTS""";"""Y""";"""41.40338, 2.17403""";"""ONLINE""";"""MANDATE123""";"""DAILY""";100.00;"""USD""";5.00;"""N""";"""CC""";"""1234567890""";"""John Doe""";"""B2C""";"""SV123""";"""REF2-123""";"""REF3-123""";"""UNSTR123""";"""REF1-123""";"""METHOD123""";"""Banco A""";"""123456789""";null;"""Banco B""";"""987654321""";"""SAVINGS""";"""CC""";"""1122334455""";"""Jane Smith""";"""CI123""";"""SV456""";"""INST12345""";"""PN""";"""CC""";"""5566778899""";"""Doe Corp""";"""555-1234""";"""doe@corp.com""";"""123 Main St""";"""PJ""";"""CE""";"""9988776655""";"""Third Party Ltd""";"""555-5678""";"""third@party.com""";accountType - Enviar campo nulo
{{id}};"""PR""";"""{{cus}}""";"""E2E1234567890""";"""{{currentDate}}""";"""PENDING""";"""ENTITY_NOT_EXISTS""";"""Y""";"""41.40338, 2.17403""";"""ONLINE""";"""MANDATE123""";"""DAILY""";100.00;"""USD""";5.00;"""N""";"""CC""";"""1234567890""";"""John Doe""";"""B2C""";"""SV123""";"""REF2-123""";"""REF3-123""";"""UNSTR123""";"""REF1-123""";"""METHOD123""";"""Banco A""";"""123456789""";"""CHECKING""";"""""";"""987654321""";"""SAVINGS""";"""CC""";"""1122334455""";"""Jane Smith""";"""CI123""";"""SV456""";"""INST12345""";"""PN""";"""CC""";"""5566778899""";"""Doe Corp""";"""555-1234""";"""doe@corp.com""";"""123 Main St""";"""PJ""";"""CE""";"""9988776655""";"""Third Party Ltd""";"""555-5678""";"""third@party.com""";financialInstitution - Enviar campo vacio
{{id}};"""PR""";"""{{cus}}""";"""E2E1234567890""";"""{{currentDate}}""";"""PENDING""";"""ENTITY_NOT_EXISTS""";"""Y""";"""41.40338, 2.17403""";"""ONLINE""";"""MANDATE123""";"""DAILY""";100.00;"""USD""";5.00;"""N""";"""CC""";"""1234567890""";"""John Doe""";"""B2C""";"""SV123""";"""REF2-123""";"""REF3-123""";"""UNSTR123""";"""REF1-123""";"""METHOD123""";"""Banco A""";"""123456789""";"""CHECKING""";null;"""987654321""";"""SAVINGS""";"""CC""";"""1122334455""";"""Jane Smith""";"""CI123""";"""SV456""";"""INST12345""";"""PN""";"""CC""";"""5566778899""";"""Doe Corp""";"""555-1234""";"""doe@corp.com""";"""123 Main St""";"""PJ""";"""CE""";"""9988776655""";"""Third Party Ltd""";"""555-5678""";"""third@party.com""";financialInstitution - Enviar campo nulo
{{id}};"""PR""";"""{{cus}}""";"""E2E1234567890""";"""{{currentDate}}""";"""PENDING""";"""ENTITY_NOT_EXISTS""";"""Y""";"""41.40338, 2.17403""";"""ONLINE""";"""MANDATE123""";"""DAILY""";100.00;"""USD""";5.00;"""N""";"""CC""";"""1234567890""";"""John Doe""";"""B2C""";"""SV123""";"""REF2-123""";"""REF3-123""";"""UNSTR123""";"""REF1-123""";"""METHOD123""";"""Banco A""";"""123456789""";"""CHECKING""";"""Banco B""";"""""";"""SAVINGS""";"""CC""";"""1122334455""";"""Jane Smith""";"""CI123""";"""SV456""";"""INST12345""";"""PN""";"""CC""";"""5566778899""";"""Doe Corp""";"""555-1234""";"""doe@corp.com""";"""123 Main St""";"""PJ""";"""CE""";"""9988776655""";"""Third Party Ltd""";"""555-5678""";"""third@party.com""";account - Enviar campo vacio
{{id}};"""PR""";"""{{cus}}""";"""E2E1234567890""";"""{{currentDate}}""";"""PENDING""";"""ENTITY_NOT_EXISTS""";"""Y""";"""41.40338, 2.17403""";"""ONLINE""";"""MANDATE123""";"""DAILY""";100.00;"""USD""";5.00;"""N""";"""CC""";"""1234567890""";"""John Doe""";"""B2C""";"""SV123""";"""REF2-123""";"""REF3-123""";"""UNSTR123""";"""REF1-123""";"""METHOD123""";"""Banco A""";"""123456789""";"""CHECKING""";"""Banco B""";null;"""SAVINGS""";"""CC""";"""1122334455""";"""Jane Smith""";"""CI123""";"""SV456""";"""INST12345""";"""PN""";"""CC""";"""5566778899""";"""Doe Corp""";"""555-1234""";"""doe@corp.com""";"""123 Main St""";"""PJ""";"""CE""";"""9988776655""";"""Third Party Ltd""";"""555-5678""";"""third@party.com""";account - Enviar campo nulo
{{id}};"""PR""";"""{{cus}}""";"""E2E1234567890""";"""{{currentDate}}""";"""PENDING""";"""ENTITY_NOT_EXISTS""";"""Y""";"""41.40338, 2.17403""";"""ONLINE""";"""MANDATE123""";"""DAILY""";100.00;"""USD""";5.00;"""N""";"""CC""";"""1234567890""";"""John Doe""";"""B2C""";"""SV123""";"""REF2-123""";"""REF3-123""";"""UNSTR123""";"""REF1-123""";"""METHOD123""";"""Banco A""";"""123456789""";"""CHECKING""";"""Banco B""";"""987654321""";"""""";"""CC""";"""1122334455""";"""Jane Smith""";"""CI123""";"""SV456""";"""INST12345""";"""PN""";"""CC""";"""5566778899""";"""Doe Corp""";"""555-1234""";"""doe@corp.com""";"""123 Main St""";"""PJ""";"""CE""";"""9988776655""";"""Third Party Ltd""";"""555-5678""";"""third@party.com""";accountType - Enviar campo vacio
{{id}};"""PR""";"""{{cus}}""";"""E2E1234567890""";"""{{currentDate}}""";"""PENDING""";"""ENTITY_NOT_EXISTS""";"""Y""";"""41.40338, 2.17403""";"""ONLINE""";"""MANDATE123""";"""DAILY""";100.00;"""USD""";5.00;"""N""";"""CC""";"""1234567890""";"""John Doe""";"""B2C""";"""SV123""";"""REF2-123""";"""REF3-123""";"""UNSTR123""";"""REF1-123""";"""METHOD123""";"""Banco A""";"""123456789""";"""CHECKING""";"""Banco B""";"""987654321""";null;"""CC""";"""1122334455""";"""Jane Smith""";"""CI123""";"""SV456""";"""INST12345""";"""PN""";"""CC""";"""5566778899""";"""Doe Corp""";"""555-1234""";"""doe@corp.com""";"""123 Main St""";"""PJ""";"""CE""";"""9988776655""";"""Third Party Ltd""";"""555-5678""";"""third@party.com""";accountType - Enviar campo nulo
{{id}};"""PR""";"""{{cus}}""";"""E2E1234567890""";"""{{currentDate}}""";"""PENDING""";"""ENTITY_NOT_EXISTS""";"""Y""";"""41.40338, 2.17403""";"""ONLINE""";"""MANDATE123""";"""DAILY""";100.00;"""USD""";5.00;"""N""";"""CC""";"""1234567890""";"""John Doe""";"""B2C""";"""SV123""";"""REF2-123""";"""REF3-123""";"""UNSTR123""";"""REF1-123""";"""METHOD123""";"""Banco A""";"""123456789""";"""CHECKING""";"""Banco B""";"""987654321""";"""SAVINGS""";"""""";"""1122334455""";"""Jane Smith""";"""CI123""";"""SV456""";"""INST12345""";"""PN""";"""CC""";"""5566778899""";"""Doe Corp""";"""555-1234""";"""doe@corp.com""";"""123 Main St""";"""PJ""";"""CE""";"""9988776655""";"""Third Party Ltd""";"""555-5678""";"""third@party.com""";identificationType - Enviar campo vacio
{{id}};"""PR""";"""{{cus}}""";"""E2E1234567890""";"""{{currentDate}}""";"""PENDING""";"""ENTITY_NOT_EXISTS""";"""Y""";"""41.40338, 2.17403""";"""ONLINE""";"""MANDATE123""";"""DAILY""";100.00;"""USD""";5.00;"""N""";"""CC""";"""1234567890""";"""John Doe""";"""B2C""";"""SV123""";"""REF2-123""";"""REF3-123""";"""UNSTR123""";"""REF1-123""";"""METHOD123""";"""Banco A""";"""123456789""";"""CHECKING""";"""Banco B""";"""987654321""";"""SAVINGS""";null;"""1122334455""";"""Jane Smith""";"""CI123""";"""SV456""";"""INST12345""";"""PN""";"""CC""";"""5566778899""";"""Doe Corp""";"""555-1234""";"""doe@corp.com""";"""123 Main St""";"""PJ""";"""CE""";"""9988776655""";"""Third Party Ltd""";"""555-5678""";"""third@party.com""";identificationType - Enviar campo nulo
{{id}};"""PR""";"""{{cus}}""";"""E2E1234567890""";"""{{currentDate}}""";"""PENDING""";"""ENTITY_NOT_EXISTS""";"""Y""";"""41.40338, 2.17403""";"""ONLINE""";"""MANDATE123""";"""DAILY""";100.00;"""USD""";5.00;"""N""";"""CC""";"""1234567890""";"""John Doe""";"""B2C""";"""SV123""";"""REF2-123""";"""REF3-123""";"""UNSTR123""";"""REF1-123""";"""METHOD123""";"""Banco A""";"""123456789""";"""CHECKING""";"""Banco B""";"""987654321""";"""SAVINGS""";"""CC""";"""""";"""Jane Smith""";"""CI123""";"""SV456""";"""INST12345""";"""PN""";"""CC""";"""5566778899""";"""Doe Corp""";"""555-1234""";"""doe@corp.com""";"""123 Main St""";"""PJ""";"""CE""";"""9988776655""";"""Third Party Ltd""";"""555-5678""";"""third@party.com""";identificationNumber - Enviar campo vacio
{{id}};"""PR""";"""{{cus}}""";"""E2E1234567890""";"""{{currentDate}}""";"""PENDING""";"""ENTITY_NOT_EXISTS""";"""Y""";"""41.40338, 2.17403""";"""ONLINE""";"""MANDATE123""";"""DAILY""";100.00;"""USD""";5.00;"""N""";"""CC""";"""1234567890""";"""John Doe""";"""B2C""";"""SV123""";"""REF2-123""";"""REF3-123""";"""UNSTR123""";"""REF1-123""";"""METHOD123""";"""Banco A""";"""123456789""";"""CHECKING""";"""Banco B""";"""987654321""";"""SAVINGS""";"""CC""";null;"""Jane Smith""";"""CI123""";"""SV456""";"""INST12345""";"""PN""";"""CC""";"""5566778899""";"""Doe Corp""";"""555-1234""";"""doe@corp.com""";"""123 Main St""";"""PJ""";"""CE""";"""9988776655""";"""Third Party Ltd""";"""555-5678""";"""third@party.com""";identificationNumber - Enviar campo nulo
{{id}};"""PR""";"""{{cus}}""";"""E2E1234567890""";"""{{currentDate}}""";"""PENDING""";"""ENTITY_NOT_EXISTS""";"""Y""";"""41.40338, 2.17403""";"""ONLINE""";"""MANDATE123""";"""DAILY""";100.00;"""USD""";5.00;"""N""";"""CC""";"""1234567890""";"""John Doe""";"""B2C""";"""SV123""";"""REF2-123""";"""REF3-123""";"""UNSTR123""";"""REF1-123""";"""METHOD123""";"""Banco A""";"""123456789""";"""CHECKING""";"""Banco B""";"""987654321""";"""SAVINGS""";"""CC""";"""1122334455""";"""""";"""CI123""";"""SV456""";"""INST12345""";"""PN""";"""CC""";"""5566778899""";"""Doe Corp""";"""555-1234""";"""doe@corp.com""";"""123 Main St""";"""PJ""";"""CE""";"""9988776655""";"""Third Party Ltd""";"""555-5678""";"""third@party.com""";name - Enviar campo vacio
{{id}};"""PR""";"""{{cus}}""";"""E2E1234567890""";"""{{currentDate}}""";"""PENDING""";"""ENTITY_NOT_EXISTS""";"""Y""";"""41.40338, 2.17403""";"""ONLINE""";"""MANDATE123""";"""DAILY""";100.00;"""USD""";5.00;"""N""";"""CC""";"""1234567890""";"""John Doe""";"""B2C""";"""SV123""";"""REF2-123""";"""REF3-123""";"""UNSTR123""";"""REF1-123""";"""METHOD123""";"""Banco A""";"""123456789""";"""CHECKING""";"""Banco B""";"""987654321""";"""SAVINGS""";"""CC""";"""1122334455""";null;"""CI123""";"""SV456""";"""INST12345""";"""PN""";"""CC""";"""5566778899""";"""Doe Corp""";"""555-1234""";"""doe@corp.com""";"""123 Main St""";"""PJ""";"""CE""";"""9988776655""";"""Third Party Ltd""";"""555-5678""";"""third@party.com""";name - Enviar campo nulo
{{id}};"""PR""";"""{{cus}}""";"""E2E1234567890""";"""{{currentDate}}""";"""PENDING""";"""ENTITY_NOT_EXISTS""";"""Y""";"""41.40338, 2.17403""";"""ONLINE""";"""MANDATE123""";"""DAILY""";100.00;"""USD""";5.00;"""N""";"""CC""";"""1234567890""";"""John Doe""";"""B2C""";"""SV123""";"""REF2-123""";"""REF3-123""";"""UNSTR123""";"""REF1-123""";"""METHOD123""";"""Banco A""";"""123456789""";"""CHECKING""";"""Banco B""";"""987654321""";"""SAVINGS""";"""CC""";"""1122334455""";"""Jane Smith""";"""""";"""SV456""";"""INST12345""";"""PN""";"""CC""";"""5566778899""";"""Doe Corp""";"""555-1234""";"""doe@corp.com""";"""123 Main St""";"""PJ""";"""CE""";"""9988776655""";"""Third Party Ltd""";"""555-5678""";"""third@party.com""";ciiu - Enviar campo vacio
{{id}};"""PR""";"""{{cus}}""";"""E2E1234567890""";"""{{currentDate}}""";"""PENDING""";"""ENTITY_NOT_EXISTS""";"""Y""";"""41.40338, 2.17403""";"""ONLINE""";"""MANDATE123""";"""DAILY""";100.00;"""USD""";5.00;"""N""";"""CC""";"""1234567890""";"""John Doe""";"""B2C""";"""SV123""";"""REF2-123""";"""REF3-123""";"""UNSTR123""";"""REF1-123""";"""METHOD123""";"""Banco A""";"""123456789""";"""CHECKING""";"""Banco B""";"""987654321""";"""SAVINGS""";"""CC""";"""1122334455""";"""Jane Smith""";null;"""SV456""";"""INST12345""";"""PN""";"""CC""";"""5566778899""";"""Doe Corp""";"""555-1234""";"""doe@corp.com""";"""123 Main St""";"""PJ""";"""CE""";"""9988776655""";"""Third Party Ltd""";"""555-5678""";"""third@party.com""";ciiu - Enviar campo nulo
{{id}};"""PR""";"""{{cus}}""";"""E2E1234567890""";"""{{currentDate}}""";"""PENDING""";"""ENTITY_NOT_EXISTS""";"""Y""";"""41.40338, 2.17403""";"""ONLINE""";"""MANDATE123""";"""DAILY""";100.00;"""USD""";5.00;"""N""";"""CC""";"""1234567890""";"""John Doe""";"""B2C""";"""SV123""";"""REF2-123""";"""REF3-123""";"""UNSTR123""";"""REF1-123""";"""METHOD123""";"""Banco A""";"""123456789""";"""CHECKING""";"""Banco B""";"""987654321""";"""SAVINGS""";"""CC""";"""1122334455""";"""Jane Smith""";"""CI123""";"""""";"""INST12345""";"""PN""";"""CC""";"""5566778899""";"""Doe Corp""";"""555-1234""";"""doe@corp.com""";"""123 Main St""";"""PJ""";"""CE""";"""9988776655""";"""Third Party Ltd""";"""555-5678""";"""third@party.com""";serviceCode - Enviar campo vacio
{{id}};"""PR""";"""{{cus}}""";"""E2E1234567890""";"""{{currentDate}}""";"""PENDING""";"""ENTITY_NOT_EXISTS""";"""Y""";"""41.40338, 2.17403""";"""ONLINE""";"""MANDATE123""";"""DAILY""";100.00;"""USD""";5.00;"""N""";"""CC""";"""1234567890""";"""John Doe""";"""B2C""";"""SV123""";"""REF2-123""";"""REF3-123""";"""UNSTR123""";"""REF1-123""";"""METHOD123""";"""Banco A""";"""123456789""";"""CHECKING""";"""Banco B""";"""987654321""";"""SAVINGS""";"""CC""";"""1122334455""";"""Jane Smith""";"""CI123""";null;"""INST12345""";"""PN""";"""CC""";"""5566778899""";"""Doe Corp""";"""555-1234""";"""doe@corp.com""";"""123 Main St""";"""PJ""";"""CE""";"""9988776655""";"""Third Party Ltd""";"""555-5678""";"""third@party.com""";serviceCode - Enviar campo nulo
{{id}};"""PR""";"""{{cus}}""";"""E2E1234567890""";"""{{currentDate}}""";"""PENDING""";"""ENTITY_NOT_EXISTS""";"""Y""";"""41.40338, 2.17403""";"""ONLINE""";"""MANDATE123""";"""DAILY""";100.00;"""USD""";5.00;"""N""";"""CC""";"""1234567890""";"""John Doe""";"""B2C""";"""SV123""";"""REF2-123""";"""REF3-123""";"""UNSTR123""";"""REF1-123""";"""METHOD123""";"""Banco A""";"""123456789""";"""CHECKING""";"""Banco B""";"""987654321""";"""SAVINGS""";"""CC""";"""1122334455""";"""Jane Smith""";"""CI123""";"""SV456""";"""""";"""PN""";"""CC""";"""5566778899""";"""Doe Corp""";"""555-1234""";"""doe@corp.com""";"""123 Main St""";"""PJ""";"""CE""";"""9988776655""";"""Third Party Ltd""";"""555-5678""";"""third@party.com""";instructionIdentification - Enviar campo vacio
{{id}};"""PR""";"""{{cus}}""";"""E2E1234567890""";"""{{currentDate}}""";"""PENDING""";"""ENTITY_NOT_EXISTS""";"""Y""";"""41.40338, 2.17403""";"""ONLINE""";"""MANDATE123""";"""DAILY""";100.00;"""USD""";5.00;"""N""";"""CC""";"""1234567890""";"""John Doe""";"""B2C""";"""SV123""";"""REF2-123""";"""REF3-123""";"""UNSTR123""";"""REF1-123""";"""METHOD123""";"""Banco A""";"""123456789""";"""CHECKING""";"""Banco B""";"""987654321""";"""SAVINGS""";"""CC""";"""1122334455""";"""Jane Smith""";"""CI123""";"""SV456""";null;"""PN""";"""CC""";"""5566778899""";"""Doe Corp""";"""555-1234""";"""doe@corp.com""";"""123 Main St""";"""PJ""";"""CE""";"""9988776655""";"""Third Party Ltd""";"""555-5678""";"""third@party.com""";instructionIdentification - Enviar campo nulo
{{id}};"""PR""";"""{{cus}}""";"""E2E1234567890""";"""{{currentDate}}""";"""PENDING""";"""ENTITY_NOT_EXISTS""";"""Y""";"""41.40338, 2.17403""";"""ONLINE""";"""MANDATE123""";"""DAILY""";100.00;"""USD""";5.00;"""N""";"""CC""";"""1234567890""";"""John Doe""";"""B2C""";"""SV123""";"""REF2-123""";"""REF3-123""";"""UNSTR123""";"""REF1-123""";"""METHOD123""";"""Banco A""";"""123456789""";"""CHECKING""";"""Banco B""";"""987654321""";"""SAVINGS""";"""CC""";"""1122334455""";"""Jane Smith""";"""CI123""";"""SV456""";"""INST12345""";"""""";"""CC""";"""5566778899""";"""Doe Corp""";"""555-1234""";"""doe@corp.com""";"""123 Main St""";"""PJ""";"""CE""";"""9988776655""";"""Third Party Ltd""";"""555-5678""";"""third@party.com""";userType - Enviar campo vacio
{{id}};"""PR""";"""{{cus}}""";"""E2E1234567890""";"""{{currentDate}}""";"""PENDING""";"""ENTITY_NOT_EXISTS""";"""Y""";"""41.40338, 2.17403""";"""ONLINE""";"""MANDATE123""";"""DAILY""";100.00;"""USD""";5.00;"""N""";"""CC""";"""1234567890""";"""John Doe""";"""B2C""";"""SV123""";"""REF2-123""";"""REF3-123""";"""UNSTR123""";"""REF1-123""";"""METHOD123""";"""Banco A""";"""123456789""";"""CHECKING""";"""Banco B""";"""987654321""";"""SAVINGS""";"""CC""";"""1122334455""";"""Jane Smith""";"""CI123""";"""SV456""";"""INST12345""";null;"""CC""";"""5566778899""";"""Doe Corp""";"""555-1234""";"""doe@corp.com""";"""123 Main St""";"""PJ""";"""CE""";"""9988776655""";"""Third Party Ltd""";"""555-5678""";"""third@party.com""";userType - Enviar campo nulo
{{id}};"""PR""";"""{{cus}}""";"""E2E1234567890""";"""{{currentDate}}""";"""PENDING""";"""ENTITY_NOT_EXISTS""";"""Y""";"""41.40338, 2.17403""";"""ONLINE""";"""MANDATE123""";"""DAILY""";100.00;"""USD""";5.00;"""N""";"""CC""";"""1234567890""";"""John Doe""";"""B2C""";"""SV123""";"""REF2-123""";"""REF3-123""";"""UNSTR123""";"""REF1-123""";"""METHOD123""";"""Banco A""";"""123456789""";"""CHECKING""";"""Banco B""";"""987654321""";"""SAVINGS""";"""CC""";"""1122334455""";"""Jane Smith""";"""CI123""";"""SV456""";"""INST12345""";"""PN""";"""""";"""5566778899""";"""Doe Corp""";"""555-1234""";"""doe@corp.com""";"""123 Main St""";"""PJ""";"""CE""";"""9988776655""";"""Third Party Ltd""";"""555-5678""";"""third@party.com""";identificationType - Enviar campo vacio
{{id}};"""PR""";"""{{cus}}""";"""E2E1234567890""";"""{{currentDate}}""";"""PENDING""";"""ENTITY_NOT_EXISTS""";"""Y""";"""41.40338, 2.17403""";"""ONLINE""";"""MANDATE123""";"""DAILY""";100.00;"""USD""";5.00;"""N""";"""CC""";"""1234567890""";"""John Doe""";"""B2C""";"""SV123""";"""REF2-123""";"""REF3-123""";"""UNSTR123""";"""REF1-123""";"""METHOD123""";"""Banco A""";"""123456789""";"""CHECKING""";"""Banco B""";"""987654321""";"""SAVINGS""";"""CC""";"""1122334455""";"""Jane Smith""";"""CI123""";"""SV456""";"""INST12345""";"""PN""";null;"""5566778899""";"""Doe Corp""";"""555-1234""";"""doe@corp.com""";"""123 Main St""";"""PJ""";"""CE""";"""9988776655""";"""Third Party Ltd""";"""555-5678""";"""third@party.com""";identificationType - Enviar campo nulo
{{id}};"""PR""";"""{{cus}}""";"""E2E1234567890""";"""{{currentDate}}""";"""PENDING""";"""ENTITY_NOT_EXISTS""";"""Y""";"""41.40338, 2.17403""";"""ONLINE""";"""MANDATE123""";"""DAILY""";100.00;"""USD""";5.00;"""N""";"""CC""";"""1234567890""";"""John Doe""";"""B2C""";"""SV123""";"""REF2-123""";"""REF3-123""";"""UNSTR123""";"""REF1-123""";"""METHOD123""";"""Banco A""";"""123456789""";"""CHECKING""";"""Banco B""";"""987654321""";"""SAVINGS""";"""CC""";"""1122334455""";"""Jane Smith""";"""CI123""";"""SV456""";"""INST12345""";"""PN""";"""CC""";"""""";"""Doe Corp""";"""555-1234""";"""doe@corp.com""";"""123 Main St""";"""PJ""";"""CE""";"""9988776655""";"""Third Party Ltd""";"""555-5678""";"""third@party.com""";identificationNumber - Enviar campo vacio
{{id}};"""PR""";"""{{cus}}""";"""E2E1234567890""";"""{{currentDate}}""";"""PENDING""";"""ENTITY_NOT_EXISTS""";"""Y""";"""41.40338, 2.17403""";"""ONLINE""";"""MANDATE123""";"""DAILY""";100.00;"""USD""";5.00;"""N""";"""CC""";"""1234567890""";"""John Doe""";"""B2C""";"""SV123""";"""REF2-123""";"""REF3-123""";"""UNSTR123""";"""REF1-123""";"""METHOD123""";"""Banco A""";"""123456789""";"""CHECKING""";"""Banco B""";"""987654321""";"""SAVINGS""";"""CC""";"""1122334455""";"""Jane Smith""";"""CI123""";"""SV456""";"""INST12345""";"""PN""";"""CC""";null;"""Doe Corp""";"""555-1234""";"""doe@corp.com""";"""123 Main St""";"""PJ""";"""CE""";"""9988776655""";"""Third Party Ltd""";"""555-5678""";"""third@party.com""";identificationNumber - Enviar campo nulo
{{id}};"""PR""";"""{{cus}}""";"""E2E1234567890""";"""{{currentDate}}""";"""PENDING""";"""ENTITY_NOT_EXISTS""";"""Y""";"""41.40338, 2.17403""";"""ONLINE""";"""MANDATE123""";"""DAILY""";100.00;"""USD""";5.00;"""N""";"""CC""";"""1234567890""";"""John Doe""";"""B2C""";"""SV123""";"""REF2-123""";"""REF3-123""";"""UNSTR123""";"""REF1-123""";"""METHOD123""";"""Banco A""";"""123456789""";"""CHECKING""";"""Banco B""";"""987654321""";"""SAVINGS""";"""CC""";"""1122334455""";"""Jane Smith""";"""CI123""";"""SV456""";"""INST12345""";"""PN""";"""CC""";"""5566778899""";"""""";"""555-1234""";"""doe@corp.com""";"""123 Main St""";"""PJ""";"""CE""";"""9988776655""";"""Third Party Ltd""";"""555-5678""";"""third@party.com""";name - Enviar campo vacio
{{id}};"""PR""";"""{{cus}}""";"""E2E1234567890""";"""{{currentDate}}""";"""PENDING""";"""ENTITY_NOT_EXISTS""";"""Y""";"""41.40338, 2.17403""";"""ONLINE""";"""MANDATE123""";"""DAILY""";100.00;"""USD""";5.00;"""N""";"""CC""";"""1234567890""";"""John Doe""";"""B2C""";"""SV123""";"""REF2-123""";"""REF3-123""";"""UNSTR123""";"""REF1-123""";"""METHOD123""";"""Banco A""";"""123456789""";"""CHECKING""";"""Banco B""";"""987654321""";"""SAVINGS""";"""CC""";"""1122334455""";"""Jane Smith""";"""CI123""";"""SV456""";"""INST12345""";"""PN""";"""CC""";"""5566778899""";null;"""555-1234""";"""doe@corp.com""";"""123 Main St""";"""PJ""";"""CE""";"""9988776655""";"""Third Party Ltd""";"""555-5678""";"""third@party.com""";name - Enviar campo nulo
{{id}};"""PR""";"""{{cus}}""";"""E2E1234567890""";"""{{currentDate}}""";"""PENDING""";"""ENTITY_NOT_EXISTS""";"""Y""";"""41.40338, 2.17403""";"""ONLINE""";"""MANDATE123""";"""DAILY""";100.00;"""USD""";5.00;"""N""";"""CC""";"""1234567890""";"""John Doe""";"""B2C""";"""SV123""";"""REF2-123""";"""REF3-123""";"""UNSTR123""";"""REF1-123""";"""METHOD123""";"""Banco A""";"""123456789""";"""CHECKING""";"""Banco B""";"""987654321""";"""SAVINGS""";"""CC""";"""1122334455""";"""Jane Smith""";"""CI123""";"""SV456""";"""INST12345""";"""PN""";"""CC""";"""5566778899""";"""Doe Corp""";"""""";"""doe@corp.com""";"""123 Main St""";"""PJ""";"""CE""";"""9988776655""";"""Third Party Ltd""";"""555-5678""";"""third@party.com""";phoneNumber - Enviar campo vacio
{{id}};"""PR""";"""{{cus}}""";"""E2E1234567890""";"""{{currentDate}}""";"""PENDING""";"""ENTITY_NOT_EXISTS""";"""Y""";"""41.40338, 2.17403""";"""ONLINE""";"""MANDATE123""";"""DAILY""";100.00;"""USD""";5.00;"""N""";"""CC""";"""1234567890""";"""John Doe""";"""B2C""";"""SV123""";"""REF2-123""";"""REF3-123""";"""UNSTR123""";"""REF1-123""";"""METHOD123""";"""Banco A""";"""123456789""";"""CHECKING""";"""Banco B""";"""987654321""";"""SAVINGS""";"""CC""";"""1122334455""";"""Jane Smith""";"""CI123""";"""SV456""";"""INST12345""";"""PN""";"""CC""";"""5566778899""";"""Doe Corp""";null;"""doe@corp.com""";"""123 Main St""";"""PJ""";"""CE""";"""9988776655""";"""Third Party Ltd""";"""555-5678""";"""third@party.com""";phoneNumber - Enviar campo nulo
{{id}};"""PR""";"""{{cus}}""";"""E2E1234567890""";"""{{currentDate}}""";"""PENDING""";"""ENTITY_NOT_EXISTS""";"""Y""";"""41.40338, 2.17403""";"""ONLINE""";"""MANDATE123""";"""DAILY""";100.00;"""USD""";5.00;"""N""";"""CC""";"""1234567890""";"""John Doe""";"""B2C""";"""SV123""";"""REF2-123""";"""REF3-123""";"""UNSTR123""";"""REF1-123""";"""METHOD123""";"""Banco A""";"""123456789""";"""CHECKING""";"""Banco B""";"""987654321""";"""SAVINGS""";"""CC""";"""1122334455""";"""Jane Smith""";"""CI123""";"""SV456""";"""INST12345""";"""PN""";"""CC""";"""5566778899""";"""Doe Corp""";"""555-1234""";"""""";"""123 Main St""";"""PJ""";"""CE""";"""9988776655""";"""Third Party Ltd""";"""555-5678""";"""third@party.com""";email - Enviar campo vacio
{{id}};"""PR""";"""{{cus}}""";"""E2E1234567890""";"""{{currentDate}}""";"""PENDING""";"""ENTITY_NOT_EXISTS""";"""Y""";"""41.40338, 2.17403""";"""ONLINE""";"""MANDATE123""";"""DAILY""";100.00;"""USD""";5.00;"""N""";"""CC""";"""1234567890""";"""John Doe""";"""B2C""";"""SV123""";"""REF2-123""";"""REF3-123""";"""UNSTR123""";"""REF1-123""";"""METHOD123""";"""Banco A""";"""123456789""";"""CHECKING""";"""Banco B""";"""987654321""";"""SAVINGS""";"""CC""";"""1122334455""";"""Jane Smith""";"""CI123""";"""SV456""";"""INST12345""";"""PN""";"""CC""";"""5566778899""";"""Doe Corp""";"""555-1234""";null;"""123 Main St""";"""PJ""";"""CE""";"""9988776655""";"""Third Party Ltd""";"""555-5678""";"""third@party.com""";email - Enviar campo nulo
{{id}};"""PR""";"""{{cus}}""";"""E2E1234567890""";"""{{currentDate}}""";"""PENDING""";"""ENTITY_NOT_EXISTS""";"""Y""";"""41.40338, 2.17403""";"""ONLINE""";"""MANDATE123""";"""DAILY""";100.00;"""USD""";5.00;"""N""";"""CC""";"""1234567890""";"""John Doe""";"""B2C""";"""SV123""";"""REF2-123""";"""REF3-123""";"""UNSTR123""";"""REF1-123""";"""METHOD123""";"""Banco A""";"""123456789""";"""CHECKING""";"""Banco B""";"""987654321""";"""SAVINGS""";"""CC""";"""1122334455""";"""Jane Smith""";"""CI123""";"""SV456""";"""INST12345""";"""PN""";"""CC""";"""5566778899""";"""Doe Corp""";"""555-1234""";"""doe@corp.com""";"""""";"""PJ""";"""CE""";"""9988776655""";"""Third Party Ltd""";"""555-5678""";"""third@party.com""";address - Enviar campo vacio
{{id}};"""PR""";"""{{cus}}""";"""E2E1234567890""";"""{{currentDate}}""";"""PENDING""";"""ENTITY_NOT_EXISTS""";"""Y""";"""41.40338, 2.17403""";"""ONLINE""";"""MANDATE123""";"""DAILY""";100.00;"""USD""";5.00;"""N""";"""CC""";"""1234567890""";"""John Doe""";"""B2C""";"""SV123""";"""REF2-123""";"""REF3-123""";"""UNSTR123""";"""REF1-123""";"""METHOD123""";"""Banco A""";"""123456789""";"""CHECKING""";"""Banco B""";"""987654321""";"""SAVINGS""";"""CC""";"""1122334455""";"""Jane Smith""";"""CI123""";"""SV456""";"""INST12345""";"""PN""";"""CC""";"""5566778899""";"""Doe Corp""";"""555-1234""";"""doe@corp.com""";null;"""PJ""";"""CE""";"""9988776655""";"""Third Party Ltd""";"""555-5678""";"""third@party.com""";address - Enviar campo nulo
{{id}};"""PR""";"""{{cus}}""";"""E2E1234567890""";"""{{currentDate}}""";"""PENDING""";"""ENTITY_NOT_EXISTS""";"""Y""";"""41.40338, 2.17403""";"""ONLINE""";"""MANDATE123""";"""DAILY""";100.00;"""USD""";5.00;"""N""";"""CC""";"""1234567890""";"""John Doe""";"""B2C""";"""SV123""";"""REF2-123""";"""REF3-123""";"""UNSTR123""";"""REF1-123""";"""METHOD123""";"""Banco A""";"""123456789""";"""CHECKING""";"""Banco B""";"""987654321""";"""SAVINGS""";"""CC""";"""1122334455""";"""Jane Smith""";"""CI123""";"""SV456""";"""INST12345""";"""PN""";"""CC""";"""5566778899""";"""Doe Corp""";"""555-1234""";"""doe@corp.com""";"""123 Main St""";"""""";"""CE""";"""9988776655""";"""Third Party Ltd""";"""555-5678""";"""third@party.com""";userType - Enviar campo vacio
{{id}};"""PR""";"""{{cus}}""";"""E2E1234567890""";"""{{currentDate}}""";"""PENDING""";"""ENTITY_NOT_EXISTS""";"""Y""";"""41.40338, 2.17403""";"""ONLINE""";"""MANDATE123""";"""DAILY""";100.00;"""USD""";5.00;"""N""";"""CC""";"""1234567890""";"""John Doe""";"""B2C""";"""SV123""";"""REF2-123""";"""REF3-123""";"""UNSTR123""";"""REF1-123""";"""METHOD123""";"""Banco A""";"""123456789""";"""CHECKING""";"""Banco B""";"""987654321""";"""SAVINGS""";"""CC""";"""1122334455""";"""Jane Smith""";"""CI123""";"""SV456""";"""INST12345""";"""PN""";"""CC""";"""5566778899""";"""Doe Corp""";"""555-1234""";"""doe@corp.com""";"""123 Main St""";null;"""CE""";"""9988776655""";"""Third Party Ltd""";"""555-5678""";"""third@party.com""";userType - Enviar campo nulo
{{id}};"""PR""";"""{{cus}}""";"""E2E1234567890""";"""{{currentDate}}""";"""PENDING""";"""ENTITY_NOT_EXISTS""";"""Y""";"""41.40338, 2.17403""";"""ONLINE""";"""MANDATE123""";"""DAILY""";100.00;"""USD""";5.00;"""N""";"""CC""";"""1234567890""";"""John Doe""";"""B2C""";"""SV123""";"""REF2-123""";"""REF3-123""";"""UNSTR123""";"""REF1-123""";"""METHOD123""";"""Banco A""";"""123456789""";"""CHECKING""";"""Banco B""";"""987654321""";"""SAVINGS""";"""CC""";"""1122334455""";"""Jane Smith""";"""CI123""";"""SV456""";"""INST12345""";"""PN""";"""CC""";"""5566778899""";"""Doe Corp""";"""555-1234""";"""doe@corp.com""";"""123 Main St""";"""PJ""";"""""";"""9988776655""";"""Third Party Ltd""";"""555-5678""";"""third@party.com""";identificationType - Enviar campo vacio
{{id}};"""PR""";"""{{cus}}""";"""E2E1234567890""";"""{{currentDate}}""";"""PENDING""";"""ENTITY_NOT_EXISTS""";"""Y""";"""41.40338, 2.17403""";"""ONLINE""";"""MANDATE123""";"""DAILY""";100.00;"""USD""";5.00;"""N""";"""CC""";"""1234567890""";"""John Doe""";"""B2C""";"""SV123""";"""REF2-123""";"""REF3-123""";"""UNSTR123""";"""REF1-123""";"""METHOD123""";"""Banco A""";"""123456789""";"""CHECKING""";"""Banco B""";"""987654321""";"""SAVINGS""";"""CC""";"""1122334455""";"""Jane Smith""";"""CI123""";"""SV456""";"""INST12345""";"""PN""";"""CC""";"""5566778899""";"""Doe Corp""";"""555-1234""";"""doe@corp.com""";"""123 Main St""";"""PJ""";null;"""9988776655""";"""Third Party Ltd""";"""555-5678""";"""third@party.com""";identificationType - Enviar campo nulo
{{id}};"""PR""";"""{{cus}}""";"""E2E1234567890""";"""{{currentDate}}""";"""PENDING""";"""ENTITY_NOT_EXISTS""";"""Y""";"""41.40338, 2.17403""";"""ONLINE""";"""MANDATE123""";"""DAILY""";100.00;"""USD""";5.00;"""N""";"""CC""";"""1234567890""";"""John Doe""";"""B2C""";"""SV123""";"""REF2-123""";"""REF3-123""";"""UNSTR123""";"""REF1-123""";"""METHOD123""";"""Banco A""";"""123456789""";"""CHECKING""";"""Banco B""";"""987654321""";"""SAVINGS""";"""CC""";"""1122334455""";"""Jane Smith""";"""CI123""";"""SV456""";"""INST12345""";"""PN""";"""CC""";"""5566778899""";"""Doe Corp""";"""555-1234""";"""doe@corp.com""";"""123 Main St""";"""PJ""";"""CE""";"""""";"""Third Party Ltd""";"""555-5678""";"""third@party.com""";identificationNumber - Enviar campo vacio
{{id}};"""PR""";"""{{cus}}""";"""E2E1234567890""";"""{{currentDate}}""";"""PENDING""";"""ENTITY_NOT_EXISTS""";"""Y""";"""41.40338, 2.17403""";"""ONLINE""";"""MANDATE123""";"""DAILY""";100.00;"""USD""";5.00;"""N""";"""CC""";"""1234567890""";"""John Doe""";"""B2C""";"""SV123""";"""REF2-123""";"""REF3-123""";"""UNSTR123""";"""REF1-123""";"""METHOD123""";"""Banco A""";"""123456789""";"""CHECKING""";"""Banco B""";"""987654321""";"""SAVINGS""";"""CC""";"""1122334455""";"""Jane Smith""";"""CI123""";"""SV456""";"""INST12345""";"""PN""";"""CC""";"""5566778899""";"""Doe Corp""";"""555-1234""";"""doe@corp.com""";"""123 Main St""";"""PJ""";"""CE""";null;"""Third Party Ltd""";"""555-5678""";"""third@party.com""";identificationNumber - Enviar campo nulo
{{id}};"""PR""";"""{{cus}}""";"""E2E1234567890""";"""{{currentDate}}""";"""PENDING""";"""ENTITY_NOT_EXISTS""";"""Y""";"""41.40338, 2.17403""";"""ONLINE""";"""MANDATE123""";"""DAILY""";100.00;"""USD""";5.00;"""N""";"""CC""";"""1234567890""";"""John Doe""";"""B2C""";"""SV123""";"""REF2-123""";"""REF3-123""";"""UNSTR123""";"""REF1-123""";"""METHOD123""";"""Banco A""";"""123456789""";"""CHECKING""";"""Banco B""";"""987654321""";"""SAVINGS""";"""CC""";"""1122334455""";"""Jane Smith""";"""CI123""";"""SV456""";"""INST12345""";"""PN""";"""CC""";"""5566778899""";"""Doe Corp""";"""555-1234""";"""doe@corp.com""";"""123 Main St""";"""PJ""";"""CE""";"""9988776655""";"""""";"""555-5678""";"""third@party.com""";name - Enviar campo vacio
{{id}};"""PR""";"""{{cus}}""";"""E2E1234567890""";"""{{currentDate}}""";"""PENDING""";"""ENTITY_NOT_EXISTS""";"""Y""";"""41.40338, 2.17403""";"""ONLINE""";"""MANDATE123""";"""DAILY""";100.00;"""USD""";5.00;"""N""";"""CC""";"""1234567890""";"""John Doe""";"""B2C""";"""SV123""";"""REF2-123""";"""REF3-123""";"""UNSTR123""";"""REF1-123""";"""METHOD123""";"""Banco A""";"""123456789""";"""CHECKING""";"""Banco B""";"""987654321""";"""SAVINGS""";"""CC""";"""1122334455""";"""Jane Smith""";"""CI123""";"""SV456""";"""INST12345""";"""PN""";"""CC""";"""5566778899""";"""Doe Corp""";"""555-1234""";"""doe@corp.com""";"""123 Main St""";"""PJ""";"""CE""";"""9988776655""";null;"""555-5678""";"""third@party.com""";name - Enviar campo nulo
{{id}};"""PR""";"""{{cus}}""";"""E2E1234567890""";"""{{currentDate}}""";"""PENDING""";"""ENTITY_NOT_EXISTS""";"""Y""";"""41.40338, 2.17403""";"""ONLINE""";"""MANDATE123""";"""DAILY""";100.00;"""USD""";5.00;"""N""";"""CC""";"""1234567890""";"""John Doe""";"""B2C""";"""SV123""";"""REF2-123""";"""REF3-123""";"""UNSTR123""";"""REF1-123""";"""METHOD123""";"""Banco A""";"""123456789""";"""CHECKING""";"""Banco B""";"""987654321""";"""SAVINGS""";"""CC""";"""1122334455""";"""Jane Smith""";"""CI123""";"""SV456""";"""INST12345""";"""PN""";"""CC""";"""5566778899""";"""Doe Corp""";"""555-1234""";"""doe@corp.com""";"""123 Main St""";"""PJ""";"""CE""";"""9988776655""";"""Third Party Ltd""";"""""";"""third@party.com""";phoneNumber - Enviar campo vacio
{{id}};"""PR""";"""{{cus}}""";"""E2E1234567890""";"""{{currentDate}}""";"""PENDING""";"""ENTITY_NOT_EXISTS""";"""Y""";"""41.40338, 2.17403""";"""ONLINE""";"""MANDATE123""";"""DAILY""";100.00;"""USD""";5.00;"""N""";"""CC""";"""1234567890""";"""John Doe""";"""B2C""";"""SV123""";"""REF2-123""";"""REF3-123""";"""UNSTR123""";"""REF1-123""";"""METHOD123""";"""Banco A""";"""123456789""";"""CHECKING""";"""Banco B""";"""987654321""";"""SAVINGS""";"""CC""";"""1122334455""";"""Jane Smith""";"""CI123""";"""SV456""";"""INST12345""";"""PN""";"""CC""";"""5566778899""";"""Doe Corp""";"""555-1234""";"""doe@corp.com""";"""123 Main St""";"""PJ""";"""CE""";"""9988776655""";"""Third Party Ltd""";null;"""third@party.com""";phoneNumber - Enviar campo nulo
{{id}};"""PR""";"""{{cus}}""";"""E2E1234567890""";"""{{currentDate}}""";"""PENDING""";"""ENTITY_NOT_EXISTS""";"""Y""";"""41.40338, 2.17403""";"""ONLINE""";"""MANDATE123""";"""DAILY""";100.00;"""USD""";5.00;"""N""";"""CC""";"""1234567890""";"""John Doe""";"""B2C""";"""SV123""";"""REF2-123""";"""REF3-123""";"""UNSTR123""";"""REF1-123""";"""METHOD123""";"""Banco A""";"""123456789""";"""CHECKING""";"""Banco B""";"""987654321""";"""SAVINGS""";"""CC""";"""1122334455""";"""Jane Smith""";"""CI123""";"""SV456""";"""INST12345""";"""PN""";"""CC""";"""5566778899""";"""Doe Corp""";"""555-1234""";"""doe@corp.com""";"""123 Main St""";"""PJ""";"""CE""";"""9988776655""";"""Third Party Ltd""";"""555-5678""";"""""";email - Enviar campo vacio
{{id}};"""PR""";"""{{cus}}""";"""E2E1234567890""";"""{{currentDate}}""";"""PENDING""";"""ENTITY_NOT_EXISTS""";"""Y""";"""41.40338, 2.17403""";"""ONLINE""";"""MANDATE123""";"""DAILY""";100.00;"""USD""";5.00;"""N""";"""CC""";"""1234567890""";"""John Doe""";"""B2C""";"""SV123""";"""REF2-123""";"""REF3-123""";"""UNSTR123""";"""REF1-123""";"""METHOD123""";"""Banco A""";"""123456789""";"""CHECKING""";"""Banco B""";"""987654321""";"""SAVINGS""";"""CC""";"""1122334455""";"""Jane Smith""";"""CI123""";"""SV456""";"""INST12345""";"""PN""";"""CC""";"""5566778899""";"""Doe Corp""";"""555-1234""";"""doe@corp.com""";"""123 Main St""";"""PJ""";"""CE""";"""9988776655""";"""Third Party Ltd""";"""555-5678""";null;email - Enviar campo nulo
